UNB;Nome UNB;Transportadora;Nome Transportadora;Data Entrega;Roteirizado;Nro do Mapa;Nro do RoadShow;Hora Imp Roadshow;AS / Rota;Armazém;Veículo;Placa;Veiculo Substituto;Motorista;Carga;MPD;Hora MPD;Classificação;KM Prev.;Tempo Prev. (+almoço);Entregas;Total de caixas;% Ocupação Caixas;Total peso;% Ocupação Peso;% Tempo;% Eficiência;Ação;Mapas da Ação;Usuario;Data;Hora;Carga Atual;Excesso;Filial Origem;Cidades +Entregas;Região +Entregas;Clientes;Mapa Transbordo;
141 ;CDD MACEIO;10;HORIZONTE EXPRESS TRANSPORTES LTDA;01/09/2026;Sim;573581;10;21:09:27;Rota;01;VUC;PDB0903;;000000000034;Fixa;PC financeira;20:29;Noturno;73,39;09:13:00;15;111,62;44,29 ;2894;38,38 ;100,00;44,29 ;;;;;;Roterizada;;;MACEIO (14) / RIO LARGO (1);[MAC]: BENESITO BENTES II (4) / JATIUCA (3) / PAJUCARA (2) / CIDADE UNIVERSITARIA (2) / CRUZ DAS ALMAS (1) / PITANGUINHA (1) / SANTA LUCIA (1) / [RIO]: PREFEITO ANTONIO LINS DE SOUZA - TAB.DO PINTO (1);0041360/0033800/0031179/0036371/0047658/0050075/0026055/0039009/0041600/0019905/0046389/0035759/0077522/0036663/0039552;;
141 ;CDD MACEIO;10;HORIZONTE EXPRESS TRANSPORTES LTDA;01/09/2026;Sim;573582;10;21:09:58;Rota;01;VUC;UHK4I48;;000000000087;Fixa;PC financeira;17:30;Padrao;71,44;08:58:00;18;216,38;85,86 ;5645;74,87 ;100,00;85,86 ;;;;;;Roterizada;;;MACEIO (10) / PARIPUEIRA (8);[MAC]: IPIOCA (10) / [PAR]: CENTRO (6) / CENTRO (1) / JACINTINHO (1);0041434/0019826/0044912/0045844/0044743/0047959/0031018/0047298/0048953/0025294/0050079/0041697/0046774/0037477/0049968/0076088/0031889/0047037;;
141 ;CDD MACEIO;10;HORIZONTE EXPRESS TRANSPORTES LTDA;01/09/2026;Sim;573583;10;21:10:29;Rota;01;VUC;PDB4223;;000000000132;Fixa;PC financeira;17:53;Padrao;72,69;09:02:00;21;176,57;70,06 ;4807;63,76 ;100,00;70,06 ;;;;;;Roterizada;;;MACEIO (20) / PARIPUEIRA (1);[MAC]: RIACHO DOCE (8) / GUAXUMA (4) / GARCA TORTA (3) / IPIOCA (1) / JACARECICA (1) / RIO NOVO (1) / CHA DE BEBEDOURO (1) / MIRANTE DA SEREIA (1) / [PAR]: CENTRO (1);0078568/0026716/0044128/0043770/0033295/0039484/0041800/0025240/0046800/0021149/0024428/0049180/0028671/0042230/0044218/0040210/0047572/0037251/0048160/0047848/0045988;;
141 ;CDD MACEIO;10;HORIZONTE EXPRESS TRANSPORTES LTDA;01/09/2026;Sim;573584;10;21:11:01;Rota;01;VUC;PDB3703;;000000000044;Fixa;PC financeira;17:10;Padrao;45,56;09:07:00;27;192,52;76,39 ;5239;69,48 ;100,00;76,39 ;;;;;;Roterizada;;;MACEIO (27);[MAC]: PONTA GROSSA (7) / FAROL (5) / LEVADA (5) / BOM PARTO (4) / CENTRO (2) / PINHEIRO (1) / TRAPICHE DA BARRA (1) / VERGEL DO LAGO (1) / INOCOP (1);0049038/0039791/0013939/0038042/0046390/0023882/0046498/0044728/0037780/0038329/0026423/0039558/0037086/0034778/0048387/0040181/0030811/0020260/0029923/0044246/0036278/0047859/0038201/0077358/0031617/0033513/0024435;;
141 ;CDD MACEIO;10;HORIZONTE EXPRESS TRANSPORTES LTDA;01/09/2026;Sim;573585;10;21:11:32;Rota;01;Truck;QYD4420;;000000000201;Fixa;PC financeira;18:26;Padrao;50,87;08:47:00;17;293,10;69,78 ;7576;60,22 ;100,00;69,78 ;;;;;;Roterizada;;;RIO LARGO (17);[RIO]: TABULEIRO DO PINTO (7) / CENTRO (3) / PREFEITO ANTONIO LINS DE SOUZA (2) / ANTONIO LINS DE SOUZA (1) / PREF ANTONIO L SOUZA (1) / PREFEITO ANTONIO NS DE SOUZA (1) / CONJUNTO MUTIRAO (1) / TABULEIRO DO PINTO CRUZEIRO DO SUL (1);0047293/0049441/0042882/0077926/0045718/0040032/0041835/0036816/0037362/0036204/0044201/0028439/0030318/0037883/0039992/0045008/0037655;;
141 ;CDD MACEIO;10;HORIZONTE EXPRESS TRANSPORTES LTDA;01/09/2026;Sim;573586;10;21:12:04;Rota;01;Truck;UHJ6F39;;000000000296;Fixa;PC financeira;11:59;Padrao;29,86;08:48:00;29;179,60;42,76 ;4679;37,20 ;100,00;42,76 ;;;;;;Roterizada;;;MACEIO (29);[MAC]: CLIMA BOM (21) / TABULEIRO DO MARTINS (7) / SANTA AMELIA (1);0078956/0040556/0028006/0042256/0020720/0016385/0047667/0049661/0076792/0030137/0038111/0050276/0011851/0034730/0016507/0048627/0035552/0050191/0043621/0045105/0028681/0031967/0042122/0026974/0049414/0025791/0035667/0041256/0076745;;
141 ;CDD MACEIO;10;HORIZONTE EXPRESS TRANSPORTES LTDA;01/09/2026;Sim;573587;10;21:12:36;Rota;01;VUC;QYO8B65;;000000000016;Fixa;PC financeira;19:58;Padrao;49,16;08:48:00;33;239,73;95,13 ;6333;67,95 ;100,00;95,13 ;;;;;;Roterizada;;;RIO LARGO (33);[RIO]: CENTRO (19) / CONJUNTO MUTIRAO (5) / CENTRO (4) / MATA DO ROLO (3) / VILA MINHA ALDEIA (2);0044170/0044089/0021158/0040495/0031237/0025735/0018642/0035202/0029440/0023026/0049013/0032439/0032163/0050384/0042764/0046439/0027807/0018798/0047237/0029942/0078407/0036720/0045886/0047307/0047045/0048684/0034946/0029425/0049587/0034722/0019664/0043921/0032164;;
141 ;CDD MACEIO;10;HORIZONTE EXPRESS TRANSPORTES LTDA;01/09/2026;Sim;573588;10;21:13:08;Rota;01;Truck;QYD5580;;000000000043;Fixa;PC financeira;17:22;Padrao;26,38;09:10:00;32;192,55;45,84 ;5209;41,40 ;100,00;45,84 ;;;;;;Roterizada;;;MACEIO (32);[MAC]: SANTA LUCIA (18) / TABULEIRO DO MARTINS (10) / ANTARES (3) / CENTRO (1);0037661/0044269/0039869/0040139/0034291/0050494/0042227/0012519/0028239/0037295/0048415/0078592/0028398/0037634/0045733/0035549/0032018/0050204/0015235/0076503/0018959/0028411/0049657/0045373/0028359/0033835/0033908/0041023/0012726/0042929/0078340/0041524;;
141 ;CDD MACEIO;10;HORIZONTE EXPRESS TRANSPORTES LTDA;01/09/2026;Sim;573589;10;21:13:40;Rota;01;VUC;RUY0H69;;000000000356;Fixa;PC financeira;19:59;Padrao;52,74;07:33:00;27;55,90;79,85 ;1456;99,81 ;100,00;99,81 ;;;;;;Roterizada;;;MACEIO (27);[MAC]: PAJUCARA (5) / PONTA DA TERRA (5) / JACINTINHO (4) / POCO (4) / JATIUCA (3) / PONTA VERDE (3) / JARAGUA (2) / CENTRO (1);0050400/0048855/0050431/0047243/0012062/0049618/0050119/0047321/0022065/0032766/0030768/0077298/0046620/0048584/0012051/0049502/0015448/0035141/0047369/0034727/0031383/0049930/0048561/0043276/0044516/0046763/0050305;;
141 ;CDD MACEIO;10;HORIZONTE EXPRESS TRANSPORTES LTDA;01/09/2026;Sim;573590;10;21:14:13;Rota;01;VUC;PDB2683;;000000000257;Fixa;PC financeira;17:57;Padrao;27,72;08:54:00;27;217,82;86,43 ;5977;79,27 ;100,00;86,43 ;;;;;;Roterizada;;;MACEIO (27);[MAC]: BENESITO BENTES II (16) / ANTARES (9) / TABULEIRO DO MARTINS (1) / BENEDITO BENTES 2 (1);0049040/0030487/0047367/0039660/0026593/0050256/0033856/0049006/0050471/0028175/0035227/0039643/0042285/0030737/0034877/0050274/0050083/0035781/0039330/0037967/0044761/0023357/0048099/0045589/0047555/0043961/0035875;;
141 ;CDD MACEIO;10;HORIZONTE EXPRESS TRANSPORTES LTDA;01/09/2026;Sim;573591;10;21:14:45;Rota;01;Truck;QYD5670;;000000000042;Fixa;PC financeira;16:55;Padrao;30,32;09:20:00;12;332,88;79,25 ;9620;76,47 ;100,00;79,25 ;;;;;;Roterizada;;;RIO LARGO (8) / MACEIO (3) / SATUBA (1);[RIO]: CENTRO (2) / BRASIL NOVO (2) / UTINGA (1) / CRUZEIRO DO SUL (1) / PREFEITO ANTONIO LINS DE SOUZA (1) / CONJUNTO FORENE (1) / [MAC]: SANTOS DUMONT (3) / [SAT]: CENTRO (1);0078990/0049641/0035707/0030457/0035749/0043924/0048866/0042862/0033662/0036651/0046753/0031453;;
141 ;CDD MACEIO;10;HORIZONTE EXPRESS TRANSPORTES LTDA;01/09/2026;Sim;573592;10;21:15:17;Rota;01;VUC;RUY0H68;;000000000217;Fixa;PC financeira;13:09;Padrao;23,97;04:43:00;23;53,88;76,97 ;1438;98,56 ;100,00;98,56 ;;;;;;Roterizada;;;MACEIO (23);[MAC]: CIDADE UNIVERSITARIA (18) / TABULEIRO DO MARTINS (3) / ANTARES (1) / BENESITO BENTES II (1);0049073/0039193/0030713/0076363/0076388/0039572/0048556/0046882/0039744/0028920/0037633/0048545/0048370/0045700/0046512/0043869/0029138/0046248/0022481/0049303/0049060/0035721/0019543;;
141 ;CDD MACEIO;10;HORIZONTE EXPRESS TRANSPORTES LTDA;01/09/2026;Sim;573593;10;21:15:50;Rota;01;VUC;RUY0H66;;000000000355;Fixa;PC financeira;18:31;Padrao;70,13;08:58:00;31;54,19;77,41 ;1455;99,73 ;100,00;99,73 ;;;;;;Roterizada;;;MACEIO (31);[MAC]: CHA DA JAQUEIRA (6) / PONTA GROSSA (5) / TABULEIRO DO MARTINS (5) / CLIMA BOM (4) / PETROPOLIS (3) / FAROL (2) / SANTO AMARO (2) / BOM PARTO (1) / GRUTA DE LOURDES (1) / LEVADA (1) / SANTA LUCIA (1);0040374/0030275/0049422/0047401/0046963/0042711/0045704/0025105/0026211/0048385/0049680/0036884/0044510/0035214/0047955/0016894/0037544/0033155/0015325/0042837/0046700/0043479/0049982/0037245/0039199/0022000/0038650/0043484/0023917/0047715/0076037;;
141 ;CDD MACEIO;10;HORIZONTE EXPRESS TRANSPORTES LTDA;01/09/2026;Sim;573594;10;21:16:23;Rota;01;Truck;QYD5790;;000000000362;Fixa;PC financeira;20:45;Padrao;31,22;08:42:00;34;216,48;51,54 ;5711;45,40 ;100,00;51,54 ;;;;;;Roterizada;;;MACEIO (34);[MAC]: BENESITO BENTES II (28) / JACARECICA (3) / CENTRO (1) / TABULEIRO DO MARTINS (1) / BENEDITO BENTES (1);0040480/0036346/0035772/0023653/0030702/0045788/0076277/0027713/0035944/0017709/0077563/0049757/0026163/0076472/0035242/0037804/0042081/0023921/0016309/0035426/0045971/0013438/0047794/0048309/0046961/0077353/0022543/0017275/0044066/0037680/0049382/0042095/0047372/0049987;;
141 ;CDD MACEIO;10;HORIZONTE EXPRESS TRANSPORTES LTDA;01/09/2026;Sim;573595;10;21:16:55;Rota;01;VUC;OHF9C94;;000000000045;Freteiro;PC financeira;16:24;Padrao;55,29;08:10:00;30;66,76;95,37 ;1786;116,75;100,00;116,75;;;;;;Roterizada;Peso;;MACEIO (30);[MAC]: FEITOSA (8) / JATIUCA (8) / JACINTINHO (6) / PONTA VERDE (3) / CRUZ DAS ALMAS (2) / PITANGUINHA (2) / POCO (1);0044638/0037332/0028041/0046334/0010625/0036417/0030372/0077471/0048597/0037007/0042412/0045473/0040266/0047121/0029472/0045882/0047371/0019326/0044453/0046474/0036382/0046950/0026738/0044065/0037238/0042111/0022909/0046896/0045234/0017401;;
141 ;CDD MACEIO;10;HORIZONTE EXPRESS TRANSPORTES LTDA;01/09/2026;Sim;573596;10;21:17:27;Rota;01;VUC;CYN7662;;000000000171;Freteiro;PC financeira;17:35;Padrao;32,66;07:49:00;27;131,58;93,98 ;3442;90,59 ;100,00;93,98 ;;;;;;Roterizada;;;MACEIO (26) / RIO LARGO (1);[MAC]: CIDADE UNIVERSITARIA (21) / TABULEIRO DO MARTINS (2) / SANTOS DUMONT (1) / CENTRO (1) / VILLAGE CAMPESTRE (1) / [RIO]: TABULEIRO DO PINTO (1);0011238/0036583/0049275/0029153/0041781/0041728/0048789/0048970/0046728/0028048/0025280/0033716/0048608/0037951/0031124/0047952/0049443/0047481/0040340/0021421/0025287/0043027/0042548/0031134/0030297/0076407/0050391;;
141 ;CDD MACEIO;10;HORIZONTE EXPRESS TRANSPORTES LTDA;01/09/2026;Sim;573597;10;21:18:00;Rota;01;VUC;SHB4B71;;000000000053;Fixa;PC financeira;16:05;Padrao;44,78;07:47:00;27;54,63;78,04 ;1469;99,93 ;100,00;99,93 ;;;;;;Roterizada;;;MACEIO (21) / RIO LARGO (6);[MAC]: SANTOS DUMONT (8) / TABULEIRO DO MARTINS (7) / SANTA AMELIA (3) / PETROPOLIS (3) / [RIO]: TABULEIRO DO PINTO (2) / PREF ANTONIO (1) / COMPLEXO BRASIL NOVO (1) / CONJUNTO CHICO MENDES (1) / MARGARIDA PROCOPIO (1);0043999/0038496/0035521/0035501/0033374/0045907/0076165/0031169/0049636/0032377/0039965/0043061/0050483/0039878/0038088/0047841/0041751/0048792/0049203/0038589/0050183/0039339/0042749/0042718/0030838/0030977/0036451;;
141 ;CDD MACEIO;10;HORIZONTE EXPRESS TRANSPORTES LTDA;01/09/2026;Sim;573598;10;21:18:32;Rota;01;Truck;QYD5300;;000000000350;Fixa;PC financeira;16:47;Padrao;30,98;08:19:00;10;353,12;84,07 ;9123;72,52 ;99,80 ;83,90 ;;;;;;Roterizada;;;MACEIO (10);[MAC]: SERRARIA (7) / GRUTA DE LOURDES (2) / BARRO DURO (1);0043501/0044119/0008513/0021402/0027322/0048590/0032739/0029967/0045424/0039257;;
141 ;CDD MACEIO;10;HORIZONTE EXPRESS TRANSPORTES LTDA;01/09/2026;Sim;573599;10;21:19:04;Rota;01;VUC;PDB3873;;000000000030;Fixa;PC financeira;16:20;Padrao;41,71;09:16:00;12;249,47;98,99 ;6672;88,49 ;100,00;98,99 ;;;;;;Roterizada;;;MACEIO (12);[MAC]: JATIUCA (10) / POCO (1) / PONTA VERDE (1);0039825/0026038/0049979/0041991/0050146/0047591/0034712/0039600/0046791/0041723/0042266/0039328;;
141 ;CDD MACEIO;10;HORIZONTE EXPRESS TRANSPORTES LTDA;01/09/2026;Sim;573600;10;21:19:37;Rota;01;VUC;PDB2023;;000000000363;Fixa;PC financeira;18:23;Padrao;45,60;09:01:00;16;229,26;90,97 ;5981;79,32 ;100,00;90,97 ;;;;;;Roterizada;;;MACEIO (16);[MAC]: PONTA VERDE (6) / POCO (5) / JATIUCA (2) / PONTA DA TERRA (2) / PAJUCARA (1);0031416/0078524/0031402/0042951/0032440/0010147/0049951/0044499/0033449/0048143/0040581/0043772/0048864/0048410/0012937/0025727;;
141 ;CDD MACEIO;10;HORIZONTE EXPRESS TRANSPORTES LTDA;01/09/2026;Sim;573601;10;21:20:09;Rota;01;Truck;QYD5880;;000000000192;Fixa;PC financeira;18:12;Padrao;18,15;08:25:00;22;282,29;67,21 ;7569;60,17 ;100,00;67,21 ;;;;;;Roterizada;;;MACEIO (22);[MAC]: CIDADE UNIVERSITARIA (19) / BENESITO BENTES II (2) / FAROL (1);0023245/0011895/0035629/0023193/0032753/0020073/0076421/0044161/0048853/0025318/0029063/0040184/0038569/0030646/0047603/0049521/0029092/0044153/0044408/0045567/0038145/0035425;;
141 ;CDD MACEIO;10;HORIZONTE EXPRESS TRANSPORTES LTDA;01/09/2026;Sim;573602;10;21:20:40;Rota;01;VUC;QYQ0H78;;000000000359;Fixa;PC financeira;14:28;Padrao;42,52;08:48:00;13;241,65;95,89 ;6396;85,28 ;100,00;95,89 ;;;;;;Roterizada;;;MACEIO (13);[MAC]: JARAGUA (5) / PAJUCARA (4) / PONTA DA TERRA (2) / JATIUCA (1) / POCO (1);0040169/0020645/0046198/0018789/0031604/0038738/0050287/0035444/0049734/0020507/0042181/0045956/0042503;;
141 ;CDD MACEIO;10;HORIZONTE EXPRESS TRANSPORTES LTDA;01/09/2026;Sim;573603;10;21:21:11;Rota;01;VUC;PDB1563;;000000000224;Fixa;PC financeira;16:22;Padrao;34,52;07:22:00;7;251,41;99,76 ;6156;81,64 ;88,40 ;88,18 ;;;;;;Roterizada;;;MACEIO (7);[MAC]: JATIUCA (6) / MANGABEIRAS (1);0049033/0078611/0046000/0041849/0045062/0027904/0018408;;
141 ;CDD MACEIO;10;HORIZONTE EXPRESS TRANSPORTES LTDA;01/09/2026;Sim;573604;10;21:21:43;Rota;01;Truck;QYD6020;;000000000262;Fixa;PC financeira;18:17;Padrao;26,42;08:52:00;23;264,62;63,00 ;7177;57,05 ;100,00;63,00 ;;;;;;Roterizada;;;MACEIO (23);[MAC]: SANTOS DUMONT (18) / CLIMA BOM (4) / OSVALDO CRUZ (1);0038320/0076807/0037723/0099920/0046807/0030256/0031515/0037480/0035096/0029753/0046181/0031192/0044613/0040522/0033547/0047360/0031131/0044414/0019278/0036961/0047224/0078879/0033673;;
141 ;CDD MACEIO;10;HORIZONTE EXPRESS TRANSPORTES LTDA;01/09/2026;Sim;573605;10;21:22:14;Rota;01;Truck;DOT6640;;000000000106;Fixa;PC financeira;14:54;Padrao;45,47;08:42:00;21;144,98;34,51 ;3988;32,01 ;100,00;34,51 ;;;;;;Roterizada;;;MACEIO (21);[MAC]: PETROPOLIS (6) / CHA DA JAQUEIRA (4) / TABULEIRO DO MARTINS (4) / CHA DE BEBEDOURO (2) / BEBEDOURO (1) / GRUTA DE LOURDES (1) / SANTA AMELIA (1) / SERRARIA (1) / SANTO AMARO (1);0050406/0015869/0031663/0025826/0047901/0042177/0046446/0042158/0049423/0024699/0017113/0014773/0048790/0028101/0076323/0034433/0042359/0032386/0020670/0039308/0048542;;
141 ;CDD MACEIO;10;HORIZONTE EXPRESS TRANSPORTES LTDA;01/09/2026;Sim;573606;10;21:22:45;Rota;01;VUC;PDB3663;;000000000242;Fixa;PC financeira;17:28;Padrao;45,68;09:07:00;19;206,92;82,11 ;5555;73,67 ;100,00;82,11 ;;;;;;Roterizada;;;MACEIO (19);[MAC]: JACINTINHO (7) / FEITOSA (6) / SAO JORGE (3) / JATIUCA (2) / CRUZ DAS ALMAS (1);0046743/0046424/0076893/0034183/0050310/0041111/0077265/0013883/0023811/0043378/0019712/0045536/0049756/0035026/0044605/0039329/0028781/0044729/0031195;;
141 ;CDD MACEIO;10;HORIZONTE EXPRESS TRANSPORTES LTDA;01/09/2026;Sim;573607;10;21:23:16;Rota;01;VUC;PDB2783;;000000000061;Fixa;PC financeira;19:55;Padrao;37,04;09:15:00;22;237,04;94,06 ;6407;84,97 ;100,00;94,06 ;;;;;;Roterizada;;;MACEIO (22);[MAC]: JACINTINHO (15) / FEITOSA (7);0046229/0035686/0024009/0035337/0046578/0037929/0076699/0039637/0050289/0018817/0021139/0044191/0020534/0049087/0076946/0011556/0050121/0043067/0043025/0048735/0076290/0050257;;
141 ;CDD MACEIO;10;HORIZONTE EXPRESS TRANSPORTES LTDA;01/09/2026;Sim;573608;10;21:23:48;Rota;01;Toco;PCA8H54;;000000000004;Fixa;PC financeira;17:38;Padrao;24,45;09:02:00;36;185,11;48,97 ;5105;40,58 ;100,00;48,97 ;;;;;;Roterizada;;;MACEIO (36);[MAC]: TABULEIRO DO MARTINS (22) / CIDADE UNIVERSITARIA (12) / CANAA (1) / TABULEIRO DOS MARTINS (1);0044845/0049646/0031317/0032792/0012020/0028695/0049926/0049721/0039840/0011196/0014995/0042710/0042236/0077026/0035687/0078723/0041731/0048173/0040240/0044598/0048898/0024123/0037952/0014883/0035260/0037237/0039075/0076053/0050033/0044081/0046982/0048177/0033912/0045343/0044149/0036058;;
141 ;CDD MACEIO;10;HORIZONTE EXPRESS TRANSPORTES LTDA;01/09/2026;Sim;573609;11;21:24:19;AS;01;Carreta;RZT1A40;;000000000050;Fixa;PC financeira;14:10;Padrao;29,64;08:48:00;2;543,62;92,45 ;16674;97,62 ;100,00;97,62 ;;;;;;Roterizada;;;MACEIO (2);[MAC]: CRUZ DAS ALMAS (1) / SERRARIA (1);0022779/0022781;;
141 ;CDD MACEIO;10;HORIZONTE EXPRESS TRANSPORTES LTDA;01/09/2026;Sim;573610;11;21:24:50;AS;01;Carreta;JBS8I06;;000000000005;Fixa;PC financeira;16:57;Padrao;39,36;07:53:00;1;565,52;96,17 ;14891;87,18 ;94,60 ;90,97 ;;;;;;Roterizada;;;MACEIO (1);[MAC]: PRADO (1);0049238;;
141 ;CDD MACEIO;10;HORIZONTE EXPRESS TRANSPORTES LTDA;01/09/2026;Sim;573611;11;21:25:22;AS;01;Truck;HZB8033;;000000008033;Freteiro;PC financeira;18:01;Padrao;9,39;07:16:00;1;381,30;75,65 ;10074;77,37 ;87,20 ;67,46 ;;;;;;Roterizada;;;MACEIO (1);[MAC]: ANTARES (1);0049233;;
141 ;CDD MACEIO;10;HORIZONTE EXPRESS TRANSPORTES LTDA;02/09/2026;Sim;573624;10;21:05:59;Rota;01;VUC;QYO8B65;;000000000016;Fixa;PC financeira;17:12;Padrao;58,99;08:30:00;16;250,79;99,51 ;7097;76,14 ;100,00;99,51 ;;;;;;Roterizada;;;RIO LARGO (15) / MACEIO (1);[RIO]: CENTRO (9) / TABULEIRO DO PINTO (2) / LOURENCO (1) / PARQUE SANTA TEREZA (1) / CONJUNTO MUTIRAO (1) / VILA SAO LOURENCO (1) / [MAC]: SANTOS DUMONT (1);0040360/0029584/0047754/0040486/0047523/0076992/0046048/0022966/0044202/0043330/0031236/0035433/0044596/0024261/0025817/0047010;;
141 ;CDD MACEIO;10;HORIZONTE EXPRESS TRANSPORTES LTDA;02/09/2026;Sim;573625;10;21:06:34;Rota;01;VUC;PDB0903;;000000000034;Fixa;PC financeira;21:51;Noturno;51,99;09:01:00;14;223,27;88,59 ;5639;74,80 ;100,00;88,59 ;;;;;;Roterizada;;;MACEIO (14);[MAC]: JATIUCA (3) / SERRARIA (3) / CIDADE UNIVERSITARIA (2) / BARRO DURO (1) / FAROL (1) / FEITOSA (1) / GRUTA DE LOURDES (1) / PONTA VERDE (1) / TABULEIRO DO MARTINS (1);0045455/0040117/0045568/0047267/0046673/0050475/0039202/0030798/0030822/0031977/0047149/0041787/0076415/0043668;;
141 ;CDD MACEIO;10;HORIZONTE EXPRESS TRANSPORTES LTDA;02/09/2026;Sim;573626;10;21:07:09;Rota;01;VUC;QYO8A15;;000000000042;Fixa;PC financeira;20:44;Padrao;13,27;07:22:00;8;251,96;99,98 ;6893;91,42 ;100,00;99,98 ;;;;;;Roterizada;;;MACEIO (8);[MAC]: BENESITO BENTES II (6) / ANTARES (1) / TABULEIRO DO MARTINS (1);0032900/0039330/0020658/0033538/0016925/0032403/0039852/0035529;;
141 ;CDD MACEIO;10;HORIZONTE EXPRESS TRANSPORTES LTDA;02/09/2026;Sim;573627;10;21:07:44;Rota;01;Truck;QYD5420;;000000000358;Fixa;PC financeira;20:10;Padrao;38,27;09:15:00;5;357,32;85,07 ;9966;79,22 ;100,00;85,07 ;;;;;;Roterizada;;;MACEIO (5);[MAC]: PETROPOLIS (2) / CHA DA JAQUEIRA (1) / FAROL (1) / LEVADA (1);0038619/0037780/0038236/0046541/0030755;;
141 ;CDD MACEIO;10;HORIZONTE EXPRESS TRANSPORTES LTDA;02/09/2026;Sim;573628;10;21:08:19;Rota;01;VUC;PDB4223;;000000000132;Fixa;PC financeira;16:06;Padrao;77,28;08:45:00;18;224,73;89,17 ;5873;77,89 ;100,00;89,17 ;;;;;;Roterizada;;;PARIPUEIRA (13) / MACEIO (5);[PAR]: CENTRO (11) / ALTO DA BOA VISTA (1) / LOTEAMENTO SOL DE VERAO (1) / [MAC]: IPIOCA (4) / PESCARIA (1);0037556/0031889/0039407/0037638/0049666/0038178/0046086/0048639/0037442/0042931/0050381/0037913/0046924/0048541/0022810/0048040/0033741/0050188;;
141 ;CDD MACEIO;10;HORIZONTE EXPRESS TRANSPORTES LTDA;02/09/2026;Sim;573629;10;21:08:53;Rota;01;VUC;UHK4I48;;000000000087;Fixa;PC financeira;17:40;Padrao;51,18;08:10:00;10;240,69;95,51 ;6582;87,29 ;98,00 ;93,59 ;;;;;;Roterizada;;;MACEIO (10);[MAC]: IPIOCA (7) / PESCARIA (2) / JACARECICA (1);0039518/0041581/0044362/0028043/0035021/0032559/0045035/0048919/0024471/0027536;;
141 ;CDD MACEIO;10;HORIZONTE EXPRESS TRANSPORTES LTDA;02/09/2026;Sim;573630;10;21:09:28;Rota;01;VUC;SHB4B71;;000000000053;Fixa;PC financeira;15:55;Padrao;48,00;07:41:00;26;51,73;73,90 ;1448;98,56 ;100,00;98,56 ;;;;;;Roterizada;;;MACEIO (26);[MAC]: CLIMA BOM (13) / SANTOS DUMONT (5) / SANTA LUCIA (4) / SANTA AMELIA (1) / PETROPOLIS (1) / TABULEIRO DOS MARTINS (1) / MACEIO (1);0033376/0021025/0035469/0047812/0036521/0046398/0040160/0032821/0035774/0040199/0040916/0047133/0048081/0049224/0047283/0028850/0033676/0032568/0038240/0022861/0041198/0035214/0038806/0049761/0018194/0031968;;
141 ;CDD MACEIO;10;HORIZONTE EXPRESS TRANSPORTES LTDA;02/09/2026;Sim;573631;10;21:10:02;Rota;01;VUC;PDB1563;;000000000061;Fixa;PC financeira;20:14;Padrao;41,10;09:13:00;19;236,31;93,77 ;6534;86,67 ;100,00;93,77 ;;;;;;Roterizada;;;MACEIO (19);[MAC]: JACINTINHO (8) / POCO (6) / FEITOSA (3) / FAROL (1) / TABULEIRO DO MARTINS (1);0032942/0026089/0050199/0038749/0010482/0033571/0076986/0042058/0077088/0038942/0039423/0045347/0010210/0010195/0035918/0025593/0036284/0032179/0035927;;
141 ;CDD MACEIO;10;HORIZONTE EXPRESS TRANSPORTES LTDA;02/09/2026;Sim;573632;10;21:10:36;Rota;01;VUC;PDB2573;;000000000201;Fixa;PC financeira;14:13;Padrao;55,41;08:52:00;22;188,97;74,98 ;5182;68,72 ;100,00;74,98 ;;;;;;Roterizada;;;MACEIO (22);[MAC]: RIACHO DOCE (11) / GARCA TORTA (3) / SAO JORGE (3) / CRUZ DAS ALMAS (1) / FEITOSA (1) / IPIOCA (1) / JACINTINHO (1) / PESCARIA (1);0047454/0033907/0021862/0025437/0021967/0047793/0047563/0050212/0043842/0075994/0044328/0023013/0043929/0021432/0037063/0039712/0011715/0032961/0041678/0041856/0046157/0044729;;
141 ;CDD MACEIO;10;HORIZONTE EXPRESS TRANSPORTES LTDA;02/09/2026;Sim;573634;10;21:11:09;Rota;01;VUC;RUY0H66;;000000000355;Fixa;PC financeira;16:56;Padrao;51,48;06:02:00;22;54,28;77,54 ;1446;99,12 ;100,00;99,12 ;;;;;;Roterizada;;;MACEIO (22);[MAC]: PRADO (8) / LEVADA (5) / BOM PARTO (3) / PONTA GROSSA (2) / TRAPICHE DA BARRA (2) / FAROL (1) / PETROPOLIS (1);0031797/0026166/0078476/0010712/0045774/0078664/0044668/0041599/0076560/0043992/0041675/0034126/0050505/0046590/0030849/0038475/0050311/0024681/0037919/0045621/0027261/0038432;;
141 ;CDD MACEIO;10;HORIZONTE EXPRESS TRANSPORTES LTDA;02/09/2026;Sim;573635;10;21:11:43;Rota;01;VUC;CYN7662;;000000000171;Freteiro;PC financeira;14:21;Padrao;28,64;04:42:00;13;126,90;90,64 ;3413;89,82 ;56,40 ;51,12 ;;;;;;Roterizada;;;MACEIO (13);[MAC]: CIDADE UNIVERSITARIA (11) / BENESITO BENTES II (2);0032485/0042579/0077290/0047921/0048690/0047654/0049001/0032985/0041375/0046295/0078474/0049178/0036210;;
141 ;CDD MACEIO;10;HORIZONTE EXPRESS TRANSPORTES LTDA;02/09/2026;Sim;573636;10;21:12:16;Rota;01;Truck;DOT6640;;000000000043;Fixa;PC financeira;17:22;Padrao;33,65;09:05:00;28;207,47;49,39 ;5631;45,19 ;100,00;49,39 ;;;;;;Roterizada;;;MACEIO (28);[MAC]: SANTA LUCIA (17) / CANAA (6) / TABULEIRO DO MARTINS (3) / ANTARES (1) / TABULEIRO DOS MARTINS (1);0038819/0076180/0043737/0026269/0026639/0021861/0048382/0027628/0047611/0034713/0017463/0049190/0050196/0011207/0032388/0043791/0031949/0042135/0032016/0033038/0046224/0020697/0020661/0029428/0037754/0036087/0029144/0049511;;
141 ;CDD MACEIO;10;HORIZONTE EXPRESS TRANSPORTES LTDA;02/09/2026;Sim;573637;10;21:12:48;Rota;01;VUC;RUY0H69;;000000000217;Fixa;PC financeira;16:22;Padrao;53,79;07:46:00;32;49,63;70,90 ;1355;92,93 ;100,00;92,93 ;;;;;;Roterizada;;;MACEIO (32);[MAC]: JACINTINHO (12) / FEITOSA (5) / PONTA VERDE (5) / PAJUCARA (4) / OURO PRETO (3) / PONTA DA TERRA (2) / SERRARIA (1);0012638/0046945/0048933/0024485/0050432/0050208/0029352/0032766/0046657/0038445/0047479/0040055/0078724/0031508/0046903/0050008/0043397/0049122/0050271/0029237/0046231/0045507/0039503/0037216/0046826/0048398/0050066/0038801/0077763/0044347/0045745/0038891;;
141 ;CDD MACEIO;10;HORIZONTE EXPRESS TRANSPORTES LTDA;02/09/2026;Sim;573638;10;21:13:21;Rota;01;Toco;PCA8H54;;000000000004;Fixa;PC financeira;17:57;Padrao;29,02;08:57:00;33;181,77;48,08 ;4915;39,07 ;100,00;48,08 ;;;;;;Roterizada;;;MACEIO (33);[MAC]: CIDADE UNIVERSITARIA (21) / BENESITO BENTES II (7) / CENTRO (1) / SANTA LUCIA (1) / VILLAGE CAMPESTRE (1) / TABULEIRO DOS MARTINS (1) / CID. UNIVERSITARIA (1);0032324/0035216/0078911/0031998/0031703/0038468/0049444/0050058/0039750/0041907/0034275/0049643/0033708/0028058/0049445/0048645/0038789/0031588/0049274/0048608/0021515/0030081/0049363/0037304/0023219/0047491/0045825/0039662/0045056/0035484/0048323/0035624/0049958;;
141 ;CDD MACEIO;10;HORIZONTE EXPRESS TRANSPORTES LTDA;02/09/2026;Sim;573639;10;21:13:54;Rota;01;VUC;PDB2783;;000000000359;Fixa;PC financeira;13:13;Padrao;43,16;09:33:00;6;237,08;94,07 ;6617;87,76 ;100,00;94,07 ;;;;;;Roterizada;;;MACEIO (6);[MAC]: PONTA VERDE (4) / CRUZ DAS ALMAS (1) / JATIUCA (1);0029155/0025533/0038865/0050089/0078350/0042984;;
141 ;CDD MACEIO;10;HORIZONTE EXPRESS TRANSPORTES LTDA;02/09/2026;Sim;573640;10;21:14:27;Rota;01;Truck;QYD5790;;000000000362;Fixa;PC financeira;16:40;Padrao;37,17;09:15:00;10;320,60;76,33 ;9223;73,32 ;100,00;76,33 ;;;;;;Roterizada;;;MACEIO (10);[MAC]: GRUTA DE LOURDES (6) / BARRO DURO (1) / LEVADA (1) / PINHEIRO (1) / PONTA GROSSA (1);0032654/0013316/0034124/0048418/0037696/0045093/0032491/0037138/0043597/0045256;;
141 ;CDD MACEIO;10;HORIZONTE EXPRESS TRANSPORTES LTDA;02/09/2026;Sim;573641;10;21:15:01;Rota;01;VUC;PDB2683;;000000000257;Fixa;PC financeira;14:32;Padrao;40,51;08:32:00;11;248,73;98,70 ;7456;98,89 ;100,00;98,89 ;;;;;;Roterizada;;;MACEIO (11);[MAC]: FAROL (6) / BOM PARTO (4) / LEVADA (1);0038125/0077417/0043379/0042129/0036278/0046366/0014166/0043479/0045203/0018674/0036876;;
141 ;CDD MACEIO;10;HORIZONTE EXPRESS TRANSPORTES LTDA;02/09/2026;Sim;573642;10;21:15:35;Rota;01;VUC;PDB3I13;;000000000017;Fixa;PC financeira;18:22;Padrao;44,17;09:14:00;15;231,66;91,92 ;6397;84,85 ;100,00;91,92 ;;;;;;Roterizada;;;MACEIO (15);[MAC]: PONTA GROSSA (6) / LEVADA (4) / PRADO (4) / BOM PARTO (1);0045097/0023882/0026517/0077711/0015544/0034310/0038713/0029491/0027116/0034182/0022680/0032340/0034853/0032352/0046585;;
141 ;CDD MACEIO;10;HORIZONTE EXPRESS TRANSPORTES LTDA;02/09/2026;Sim;573643;10;21:16:08;Rota;01;VUC;PDB3663;;000000000224;Fixa;PC financeira;17:11;Padrao;42,76;09:08:00;12;239,44;95,01 ;6356;84,30 ;100,00;95,01 ;;;;;;Roterizada;;;MACEIO (12);[MAC]: CRUZ DAS ALMAS (7) / JACINTINHO (4) / PONTA VERDE (1);0047485/0035865/0034313/0040019/0048248/0028633/0046453/0041313/0049473/0023612/0036639/0030241;;
141 ;CDD MACEIO;10;HORIZONTE EXPRESS TRANSPORTES LTDA;02/09/2026;Sim;573644;10;21:16:41;Rota;01;VUC;PDB2683;;000000000017;Fixa;PC financeira;14:34;Recarga;32,95;06:20:00;2;171,32;67,98 ;4743;62,91 ;76,00 ;51,66 ;;;;;;Roterizada;;;MACEIO (2);[MAC]: JATIUCA (1) / CIDADE UNIVERSITARIA (1);0045963/0038267;;
141 ;CDD MACEIO;10;HORIZONTE EXPRESS TRANSPORTES LTDA;02/09/2026;Sim;573645;10;21:17:14;Rota;01;Truck;QYD5300;;000000000350;Fixa;PC financeira;18:38;Padrao;37,19;09:19:00;17;261,70;62,30 ;7057;56,10 ;100,00;62,30 ;;;;;;Roterizada;;;MACEIO (17);[MAC]: SERRARIA (4) / OURO PRETO (3) / PETROPOLIS (3) / SANTA AMELIA (2) / TABULEIRO DO MARTINS (2) / CENTRO (1) / GRUTA DE LOURDES (1) / JARDIM PETROPOLIS (1);0047344/0029659/0048470/0049298/0031476/0046865/0049578/0050402/0030767/0045918/0026922/0076192/0030902/0020047/0040512/0048723/0016067;;
141 ;CDD MACEIO;10;HORIZONTE EXPRESS TRANSPORTES LTDA;02/09/2026;Sim;573646;10;21:17:46;Rota;01;VUC;RUY0H68;;000000000356;Fixa;PC financeira;15:28;Padrao;30,15;04:23:00;22;53,18;75,97 ;1426;97,73 ;100,00;97,73 ;;;;;;Roterizada;;;MACEIO (19) / RIO LARGO (3);[MAC]: CIDADE UNIVERSITARIA (18) / SANTOS DUMONT (1) / [RIO]: TABULEIRO DO PINTO (2) / RIACHO DAS PEDRAS (1);0044137/0043610/0034219/0076677/0036952/0050160/0039492/0035973/0033475/0050263/0033549/0028381/0044117/0049610/0041683/0050365/0050463/0049116/0026859/0050239/0050206/0034161;;
141 ;CDD MACEIO;10;HORIZONTE EXPRESS TRANSPORTES LTDA;02/09/2026;Sim;573647;10;21:18:18;Rota;01;Truck;QYD5580;;000000000296;Fixa;PC financeira;18:24;Padrao;34,29;06:25:00;1;414,00;98,57 ;10813;85,95 ;77,00 ;75,89 ;;;;;;Roterizada;;;MACEIO (1);[MAC]: LEVADA (1);0048418;;
141 ;CDD MACEIO;10;HORIZONTE EXPRESS TRANSPORTES LTDA;02/09/2026;Sim;573648;10;21:18:50;Rota;01;VUC;PDB2573;;000000000132;Fixa;PC financeira;18:43;Recarga;35,44;04:35:00;3;144,96;57,52 ;4055;53,79 ;55,00 ;31,63 ;;;;;;Roterizada;;;MACEIO (3);[MAC]: JATIUCA (3);0039332/0010400/0078978;;
141 ;CDD MACEIO;10;HORIZONTE EXPRESS TRANSPORTES LTDA;02/09/2026;Sim;573649;10;21:19:22;Rota;01;VUC;PDB3873;;000000000030;Fixa;PC financeira;18:44;Padrao;43,51;09:35:00;11;251,62;99,84 ;6748;89,49 ;100,00;99,84 ;;;;;;Roterizada;;;MACEIO (11);[MAC]: JATIUCA (4) / MANGABEIRAS (4) / PONTA VERDE (2) / CRUZ DAS ALMAS (1);0048715/0010302/0039173/0039168/0013399/0010263/0027213/0045841/0047003/0010227/0040508;;
141 ;CDD MACEIO;10;HORIZONTE EXPRESS TRANSPORTES LTDA;02/09/2026;Sim;573650;10;21:19:55;Rota;01;Truck;QYD4420;;000000000192;Fixa;PC financeira;19:31;Padrao;28,63;08:55:00;22;243,01;57,85 ;6597;52,44 ;100,00;57,85 ;;;;;;Roterizada;;;MACEIO (22);[MAC]: BENESITO BENTES II (19) / ANTARES (2) / CENTRO (1);0047782/0048636/0046154/0050495/0047787/0032104/0025713/0045553/0041914/0041920/0041797/0078410/0032475/0025553/0036759/0020010/0039051/0011971/0016675/0038467/0029177/0048890;;
141 ;CDD MACEIO;10;HORIZONTE EXPRESS TRANSPORTES LTDA;02/09/2026;Sim;573651;10;21:20:27;Rota;01;Truck;QYD6020;;000000000106;Fixa;PC financeira;16:31;Padrao;47,26;09:17:00;26;174,16;41,46 ;4742;37,69 ;100,00;41,46 ;;;;;;Roterizada;;;MACEIO (25) / RIO LARGO (1);[MAC]: CLIMA BOM (14) / SANTOS DUMONT (7) / SANTA AMELIA (3) / TABULEIRO DOS MARTINS (1) / [RIO]: TABULEIRO DO PINTO (1);0046320/0041333/0038493/0034278/0034157/0021381/0045605/0032032/0048981/0035552/0049752/0047567/0032670/0045462/0035477/0078755/0038320/0033850/0023070/0041405/0078624/0040394/0031085/0023095/0035246/0027124;;
141 ;CDD MACEIO;10;HORIZONTE EXPRESS TRANSPORTES LTDA;02/09/2026;Sim;573652;10;21:20:59;Rota;01;VUC;PDB2023;;000000000363;Fixa;PC financeira;17:27;Padrao;47,31;09:15:00;17;166,35;66,01 ;3969;52,64 ;100,00;66,01 ;;;;;;Roterizada;;;MACEIO (17);[MAC]: PAJUCARA (8) / JATIUCA (3) / JARAGUA (2) / POCO (2) / PONTA DA TERRA (2);0038705/0048492/0034188/0045484/0034868/0031604/0027801/0042102/0046624/0040581/0040548/0050336/0039622/0049734/0031864/0037978/0034222;;
141 ;CDD MACEIO;10;HORIZONTE EXPRESS TRANSPORTES LTDA;02/09/2026;Sim;573653;11;21:21:32;AS;01;Truck;MUZ4C85;;000000000041;Freteiro;PC financeira;16:06;Padrao;39,36;07:52:00;1;454,04;90,08 ;12659;86,11 ;94,40 ;85,03 ;;;;;;Roterizada;;;MACEIO (1);[MAC]: PONTA VERDE (1);0037960;;
141 ;CDD MACEIO;10;HORIZONTE EXPRESS TRANSPORTES LTDA;02/09/2026;Sim;573654;10;21:22:04;Rota;01;Truck;QYD5670;;000000000262;Fixa;PC financeira;17:37;Padrao;42,29;09:10:00;32;196,28;46,73 ;5373;42,71 ;100,00;46,73 ;;;;;;Roterizada;;;MACEIO (32);[MAC]: BENESITO BENTES II (23) / SERRARIA (3) / ANTARES (2) / BENEDITO BENTES (2) / SANTA LUCIA (1) / UTINGA LEAO (1);0032240/0043470/0031482/0076152/0050209/0045285/0041870/0036236/0045487/0026142/0045086/0030701/0048781/0043536/0050321/0039333/0049532/0044678/0041694/0049717/0050081/0030296/0042606/0033842/0045905/0033297/0043270/0033863/0036676/0030727/0076179/0022422;;
141 ;CDD MACEIO;10;HORIZONTE EXPRESS TRANSPORTES LTDA;03/09/2026;Sim;573662;11;22:25:59;AS;01;Carreta;RZT1A40;;000000000050;Fixa;PC financeira;14:42;Padrao;36,78;02:56:00;1;196,33;33,38 ;5641;33,02 ;35,20 ;11,74 ;;;;;;Roterizada;;;MACEIO (1);[MAC]: PONTA GROSSA (1);0026250;;
141 ;CDD MACEIO;10;HORIZONTE EXPRESS TRANSPORTES LTDA;03/09/2026;Sim;573663;11;22:26:31;AS;01;Carreta;JBS8I06;;000000000005;Fixa;PC financeira;14:55;Padrao;38,40;06:16:00;3;547,82;93,16 ;15323;89,71 ;75,20 ;70,05 ;;;;;;Roterizada;;;MACEIO (3);[MAC]: CRUZ DAS ALMAS (1) / JATIUCA (1) / PONTA VERDE (1);0022781/0023407/0029537;;
141 ;CDD MACEIO;10;HORIZONTE EXPRESS TRANSPORTES LTDA;03/09/2026;Sim;573664;10;22:34:49;Rota;01;VUC;UHK4I48;;000000000087;Fixa;PC financeira;17:38;Padrao;68,93;08:57:00;15;217,44;86,28 ;6222;82,53 ;100,00;86,28 ;;;;;;Roterizada;;;PARIPUEIRA (9) / MACEIO (6);[PAR]: CENTRO (6) / COSTA BRAVA (2) / AL101NORTE (1) / [MAC]: IPIOCA (5) / BENESITO BENTES II (1);0048589/0042883/0048159/0033563/0049205/0078148/0030510/0028616/0043965/0031357/0044080/0049112/0040379/0048303/0019048;;
141 ;CDD MACEIO;10;HORIZONTE EXPRESS TRANSPORTES LTDA;03/09/2026;Sim;573665;10;22:35:23;Rota;01;VUC;PDB3703;;000000000044;Fixa;PC financeira;12:49;Padrao;51,71;09:08:00;17;224,29;89,00 ;6294;83,48 ;100,00;89,00 ;;;;;;Roterizada;;;MACEIO (17);[MAC]: TRAPICHE DA BARRA (8) / PONTAL DA BARRA (5) / PRADO (2) / FAROL (1) / PONTA GROSSA (1);0049611/0015379/0042072/0046710/0037033/0024006/0031573/0048304/0032253/0039161/0037980/0044974/0048713/0031002/0036331/0035450/0020835;;
141 ;CDD MACEIO;10;HORIZONTE EXPRESS TRANSPORTES LTDA;03/09/2026;Sim;573666;10;22:35:56;Rota;01;VUC;PDB0903;;000000000034;Fixa;PC financeira;20:35;Noturno;55,75;07:59:00;11;142,02;56,35 ;3835;50,86 ;95,80 ;53,98 ;;;;;;Roterizada;;;MACEIO (11);[MAC]: SERRARIA (2) / ANTARES (1) / BARRO DURO (1) / BEBEDOURO (1) / JACARECICA (1) / JARAGUA (1) / JATIUCA (1) / SANTA AMELIA (1) / TABULEIRO DO MARTINS (1) / CLIMA BOM (1);0025510/0043993/0041717/0032892/0046467/0042450/0042377/0030993/0038321/0045534/0046283;;
141 ;CDD MACEIO;10;HORIZONTE EXPRESS TRANSPORTES LTDA;03/09/2026;Sim;573667;10;22:36:30;Rota;01;VUC;PDB4223;;000000000132;Fixa;PC financeira;12:13;Padrao;52,63;09:14:00;24;211,74;84,02 ;5405;71,68 ;100,00;84,02 ;;;;;;Roterizada;;;MACEIO (24);[MAC]: RIACHO DOCE (11) / GUAXUMA (7) / GRUTA DE LOURDES (2) / GARCA TORTA (2) / RIO NOVO (1) / PESCARIA (1);0024587/0044464/0047453/0047474/0037428/0077446/0049913/0019330/0036662/0020527/0030941/0043229/0034885/0044890/0047572/0049368/0035975/0042913/0042706/0039502/0048710/0078829/0044215/0040520;;
141 ;CDD MACEIO;10;HORIZONTE EXPRESS TRANSPORTES LTDA;03/09/2026;Sim;573668;10;22:37:04;Rota;01;Truck;QYD5300;;000000000350;Fixa;PC financeira;18:53;Padrao;40,97;09:02:00;24;194,90;46,40 ;5267;41,87 ;100,00;46,40 ;;;;;;Roterizada;;;MACEIO (24);[MAC]: SERRARIA (6) / PINHEIRO (5) / CHA DE BEBEDOURO (5) / BEBEDOURO (3) / GRUTA DE LOURDES (2) / BARRO DURO (1) / CENTRO (1) / OURO PRETO (1);0076167/0048542/0047518/0043748/0012003/0030290/0035752/0076466/0013138/0076098/0033495/0077868/0017253/0049341/0028982/0010880/0027013/0077118/0039817/0047410/0025485/0037021/0042428/0076302;;
141 ;CDD MACEIO;10;HORIZONTE EXPRESS TRANSPORTES LTDA;03/09/2026;Sim;573669;10;22:37:37;Rota;01;Truck;QYD5670;;000000000362;Fixa;PC financeira;18:15;Padrao;32,99;09:09:00;33;243,77;58,04 ;6496;51,64 ;100,00;58,04 ;;;;;;Roterizada;;;MACEIO (33);[MAC]: BENESITO BENTES II (28) / ANTARES (2) / POCO (1) / CIDADE UNIVERSITARIA (1) / BENEDITO BENTES (1);0029777/0043396/0016072/0023756/0037899/0045359/0032499/0032375/0045361/0049262/0047055/0076036/0048361/0076140/0014852/0045521/0044163/0048383/0050496/0031628/0046318/0049712/0030436/0031241/0013288/0030842/0032870/0050308/0033978/0049358/0044884/0050261/0030679;;
141 ;CDD MACEIO;10;HORIZONTE EXPRESS TRANSPORTES LTDA;03/09/2026;Sim;573670;10;22:38:10;Rota;01;Truck;QYD4490;;000000000016;Fixa;PC financeira;20:03;Padrao;63,26;09:02:00;25;244,13;58,12 ;6575;52,26 ;100,00;58,12 ;;;;;;Roterizada;;;RIO LARGO (25);[RIO]: CENTRO (10) / MATA DO ROLO (6) / ANTONIO LINS (2) / VILA SAO LOURENCO (2) / PREFEITO ANTONIO LINS DE SOUZA (1) / RIO LARGO (1) / CONJUNTO MUTIRAO (1) / QD 55 (1) / CONJUNTO PREFEITO ANTONIO LINS DE SOUZA (1);0032439/0038712/0076352/0076660/0029894/0046949/0044383/0047583/0042869/0038339/0047297/0048523/0044588/0049690/0042932/0050190/0050384/0078817/0044856/0050185/0035047/0044790/0047204/0040460/0047985;;
141 ;CDD MACEIO;10;HORIZONTE EXPRESS TRANSPORTES LTDA;03/09/2026;Sim;573671;10;22:38:44;Rota;01;VUC;RUY0H68;;000000000217;Fixa;PC financeira;15:18;Padrao;44,60;07:24:00;29;51,21;73,15 ;1428;97,89 ;100,00;97,89 ;;;;;;Roterizada;;;MACEIO (25) / RIO LARGO (4);[MAC]: RIO NOVO (14) / FERNAO VELHO (6) / TABULEIRO DO MARTINS (2) / CLIMA BOM (2) / CIDADE UNIVERSITARIA (1) / [RIO]: TABULEIRO DO PINTO (1) / CENTRO (1) / TABULEIRO DO PINTO (1) / PREFEITO ANTONIO NS DE SOUZA (1);0039984/0048810/0011851/0049311/0025439/0042141/0077872/0032919/0033201/0076758/0047170/0078072/0038492/0049563/0045020/0077495/0047201/0044261/0050116/0041976/0077503/0046643/0028939/0044973/0042942/0037111/0077623/0045008/0037655;;
141 ;CDD MACEIO;10;HORIZONTE EXPRESS TRANSPORTES LTDA;03/09/2026;Sim;573672;10;22:39:17;Rota;01;VUC;SHB4B71;;000000000053;Fixa;PC financeira;15:50;Padrao;48,01;07:06:00;26;50,43;72,04 ;1386;94,29 ;100,00;94,29 ;;;;;;Roterizada;;;MACEIO (26);[MAC]: CHA DE BEBEDOURO (8) / CLIMA BOM (6) / FAROL (2) / PINHEIRO (2) / SANTA AMELIA (2) / TABULEIRO DO MARTINS (2) / BEBEDOURO (1) / CHA DA JAQUEIRA (1) / PETROPOLIS (1) / MACEIO (1);0035397/0023329/0076559/0031944/0050255/0077436/0012648/0032671/0032200/0035503/0021660/0078880/0077122/0049469/0014593/0033975/0037207/0031197/0077962/0028135/0047766/0049362/0018165/0040374/0040136/0029758;;
141 ;CDD MACEIO;10;HORIZONTE EXPRESS TRANSPORTES LTDA;03/09/2026;Sim;573673;10;22:39:51;Rota;01;VUC;RUY0H66;;000000000355;Fixa;PC financeira;17:09;Padrao;57,11;06:35:00;27;53,88;76,97 ;1441;98,81 ;100,00;98,81 ;;;;;;Roterizada;;;MACEIO (27);[MAC]: VERGEL DO LAGO (10) / PONTAL DA BARRA (6) / TRAPICHE DA BARRA (4) / BOM PARTO (3) / PONTA GROSSA (3) / PETROPOLIS (1);0031974/0036516/0077358/0025405/0023997/0077746/0036778/0044696/0078111/0077153/0042276/0038159/0078220/0030282/0027793/0048680/0033551/0034110/0031268/0039152/0010830/0036460/0029669/0047110/0050506/0028476/0048637;;
141 ;CDD MACEIO;10;HORIZONTE EXPRESS TRANSPORTES LTDA;03/09/2026;Sim;573674;10;22:40:24;Rota;01;Truck;QYD5880;;000000000048;Fixa;PC financeira;18:04;Padrao;25,62;08:39:00;8;190,78;45,42 ;5260;41,81 ;100,00;45,42 ;;;;;;Roterizada;;;MACEIO (8);[MAC]: CIDADE UNIVERSITARIA (4) / ANTARES (2) / BENESITO BENTES II (2);0023076/0038866/0047311/0039147/0045567/0035875/0043961/0025900;;
141 ;CDD MACEIO;10;HORIZONTE EXPRESS TRANSPORTES LTDA;03/09/2026;Sim;573675;10;22:40:58;Rota;01;VUC;RUY0H69;;000000000356;Fixa;PC financeira;16:22;Padrao;41,48;06:18:00;23;51,30;73,28 ;1406;96,39 ;100,00;96,39 ;;;;;;Roterizada;;;MACEIO (23);[MAC]: JACINTINHO (7) / FEITOSA (6) / SERRARIA (5) / BARRO DURO (3) / GRUTA DE LOURDES (1) / OURO PRETO (1);0017886/0029659/0033888/0049446/0038271/0047435/0045501/0037620/0039759/0039789/0029748/0036417/0038172/0025352/0033761/0047642/0011556/0028041/0046796/0050037/0041617/0041614/0099974;;
141 ;CDD MACEIO;10;HORIZONTE EXPRESS TRANSPORTES LTDA;03/09/2026;Sim;573676;10;22:41:31;Rota;01;VUC;CYN7662;;000000000171;Freteiro;PC financeira;16:43;Padrao;30,46;07:28:00;23;137,74;98,38 ;3657;96,25 ;100,00;98,38 ;;;;;;Roterizada;;;MACEIO (23);[MAC]: CIDADE UNIVERSITARIA (18) / BENESITO BENTES II (4) / CENTRO (1);0046510/0048707/0040236/0046225/0038835/0038836/0078471/0040208/0077862/0047444/0044574/0040444/0038845/0036767/0036689/0040600/0078795/0045559/0040237/0019543/0027783/0042109/0044398;;
141 ;CDD MACEIO;10;HORIZONTE EXPRESS TRANSPORTES LTDA;03/09/2026;Sim;573677;10;22:42:05;Rota;01;VUC;PDB2683;;000000000262;Fixa;PC financeira;20:06;Padrao;48,85;09:15:00;23;208,04;82,55 ;5622;74,57 ;100,00;82,55 ;;;;;;Roterizada;;;MACEIO (23);[MAC]: VERGEL DO LAGO (7) / FAROL (5) / PONTA GROSSA (5) / PINHEIRO (4) / BOM PARTO (2);0075991/0076418/0026916/0035262/0020071/0026323/0043182/0078849/0036972/0078189/0047135/0034348/0046653/0049144/0036116/0029923/0077239/0076858/0047962/0027016/0048033/0035022/0047683;;
141 ;CDD MACEIO;10;HORIZONTE EXPRESS TRANSPORTES LTDA;03/09/2026;Sim;573678;10;22:42:38;Rota;01;VUC;QYQ0H78;;000000000363;Fixa;PC financeira;18:33;Padrao;41,09;09:33:00;11;234,98;93,24 ;6561;87,48 ;100,00;93,24 ;;;;;;Roterizada;;;MACEIO (11);[MAC]: POCO (5) / PAJUCARA (3) / BARRO DURO (1) / JARAGUA (1) / PETROPOLIS (1);0046554/0040097/0046611/0012395/0047146/0048982/0043203/0047887/0030654/0035110/0020051;;
141 ;CDD MACEIO;10;HORIZONTE EXPRESS TRANSPORTES LTDA;03/09/2026;Sim;573679;10;22:43:12;Rota;01;Truck;QYD5790;;000000000106;Fixa;PC financeira;15:36;Padrao;26,30;08:30:00;17;208,71;49,69 ;5897;46,87 ;100,00;49,69 ;;;;;;Roterizada;;;MACEIO (17);[MAC]: SANTA AMELIA (8) / TABULEIRO DO MARTINS (5) / CLIMA BOM (3) / TABULEIRO DOS MARTINS (1);0020097/0030057/0020721/0013270/0050200/0034448/0045719/0017200/0043306/0026567/0049143/0028643/0043083/0037287/0048544/0018320/0031935;;
141 ;CDD MACEIO;10;HORIZONTE EXPRESS TRANSPORTES LTDA;03/09/2026;Sim;573680;10;22:43:45;Rota;01;Truck;DOT6640;;000000000043;Fixa;PC financeira;18:50;Padrao;27,88;09:11:00;37;195,62;46,57 ;5301;42,55 ;100,00;46,57 ;;;;;;Roterizada;;;MACEIO (37);[MAC]: SANTA LUCIA (17) / TABULEIRO DO MARTINS (16) / ANTARES (1) / OURO PRETO (1) / SERRARIA (1) / SAO JOAO (1);0038791/0033025/0039083/0049726/0035116/0035886/0048881/0049505/0039968/0045417/0032126/0022095/0030188/0048275/0032677/0046514/0078708/0038673/0038062/0034817/0046358/0046551/0076554/0026778/0029358/0032018/0033876/0028107/0034986/0047176/0043980/0030953/0046870/0038566/0035105/0029559/0030855;;
141 ;CDD MACEIO;10;HORIZONTE EXPRESS TRANSPORTES LTDA;03/09/2026;Sim;573681;10;22:44:19;Rota;01;VUC;PDB3873;;000000000030;Fixa;PC financeira;17:26;Padrao;45,40;09:11:00;18;192,09;76,22 ;4780;63,40 ;100,00;76,22 ;;;;;;Roterizada;;;MACEIO (18);[MAC]: PONTA VERDE (6) / JATIUCA (5) / POCO (5) / PAJUCARA (1) / PONTA DA TERRA (1);0027920/0029368/0030004/0039606/0040575/0039600/0038533/0041402/0033525/0032708/0035935/0043545/0043500/0047818/0048859/0042214/0045198/0044265;;
141 ;CDD MACEIO;10;HORIZONTE EXPRESS TRANSPORTES LTDA;03/09/2026;Sim;573683;10;22:45:23;Rota;01;Toco;PCA8H54;;000000000004;Fixa;PC financeira;17:43;Padrao;31,90;09:15:00;26;212,64;56,25 ;5791;46,03 ;100,00;56,25 ;;;;;;Roterizada;;;MACEIO (26);[MAC]: CIDADE UNIVERSITARIA (25) / SANTOS DUMONT (1);0042989/0032241/0030877/0044146/0036690/0026006/0031795/0042308/0049862/0046970/0036416/0029482/0048763/0049610/0042707/0050403/0047773/0050105/0035761/0033383/0033215/0076478/0048669/0045565/0047439/0044494;;
141 ;CDD MACEIO;10;HORIZONTE EXPRESS TRANSPORTES LTDA;03/09/2026;Sim;573684;10;22:45:56;Rota;01;VUC;QYO8B65;;000000000358;Fixa;PC financeira;08:45;Padrao;42,70;09:13:00;11;241,59;95,86 ;6231;66,85 ;100,00;95,86 ;;;;;;Roterizada;;;MACEIO (11);[MAC]: JATIUCA (9) / PONTA VERDE (1) / SERRARIA (1);0037234/0018408/0049169/0013227/0018796/0037519/0050481/0032849/0024011/0046423/0038839;;
141 ;CDD MACEIO;10;HORIZONTE EXPRESS TRANSPORTES LTDA;03/09/2026;Sim;573685;10;22:46:28;Rota;01;Truck;UHJ6F39;;000000000296;Fixa;PC financeira;18:06;Padrao;47,82;09:11:00;20;177,42;42,24 ;4917;39,08 ;100,00;42,24 ;;;;;;Roterizada;;;MACEIO (17) / RIO LARGO (3);[MAC]: CLIMA BOM (10) / RIO NOVO (5) / SANTOS DUMONT (1) / FERNAO VELHO (1) / [RIO]: TABULEIRO DO PINTO (1) / CENTRO (1) / SANTOS DUMONT (1);0043375/0037149/0036505/0076138/0050207/0040242/0025306/0046042/0016603/0033373/0078842/0028122/0044225/0076084/0036596/0025308/0042134/0048647/0023040/0037037;;
141 ;CDD MACEIO;10;HORIZONTE EXPRESS TRANSPORTES LTDA;03/09/2026;Sim;573686;10;22:47:00;Rota;01;VUC;PDB2023;;000000000224;Fixa;PC financeira;18:19;Padrao;43,31;09:19:00;20;208,35;82,67 ;5096;67,59 ;100,00;82,67 ;;;;;;Roterizada;;;MACEIO (20);[MAC]: CRUZ DAS ALMAS (10) / JATIUCA (6) / JACARECICA (2) / MANGABEIRAS (1) / PONTA VERDE (1);0050476/0039332/0042998/0048649/0029761/0035015/0044068/0029247/0048715/0042340/0048465/0048755/0035801/0043774/0046660/0046817/0039341/0030101/0030762/0048930;;
141 ;CDD MACEIO;10;HORIZONTE EXPRESS TRANSPORTES LTDA;03/09/2026;Sim;573687;10;22:47:32;Rota;01;VUC;PDB4223;;000000000359;Fixa;PC financeira;18:41;Recarga;34,23;03:57:00;1;136,95;54,34 ;3898;51,70 ;47,40 ;25,75 ;;;;;;Roterizada;;;MACEIO (1);[MAC]: JATIUCA (1);0078381;;
141 ;CDD MACEIO;10;HORIZONTE EXPRESS TRANSPORTES LTDA;03/09/2026;Sim;573688;10;22:48:05;Rota;01;Truck;QYD5420;;000000000257;Fixa;PC financeira;16:50;Padrao;29,98;08:59:00;39;163,82;39,00 ;4453;35,39 ;100,00;39,00 ;;;;;;Roterizada;;;MACEIO (39);[MAC]: CIDADE UNIVERSITARIA (38) / TABULEIRO DO MARTINS (1);0026695/0035629/0036983/0047442/0023193/0049274/0049689/0077652/0011238/0038678/0040370/0043949/0050027/0047795/0027421/0037110/0076114/0048300/0043130/0039125/0050401/0031124/0023816/0029180/0033792/0047049/0042253/0048884/0033758/0030156/0016992/0028058/0047125/0048128/0036948/0035560/0049448/0031991/0023035;;
141 ;CDD MACEIO;10;HORIZONTE EXPRESS TRANSPORTES LTDA;03/09/2026;Sim;573689;10;22:48:37;Rota;01;VUC;PDB3663;;000000000242;Fixa;PC financeira;20:29;Padrao;43,80;09:14:00;26;221,72;87,98 ;6004;79,63 ;100,00;87,98 ;;;;;;Roterizada;;;MACEIO (26);[MAC]: JACINTINHO (24) / FEITOSA (2);0026948/0050338/0044489/0036548/0029379/0030744/0047934/0038144/0033995/0028705/0044429/0038996/0077088/0049240/0047323/0036061/0032103/0038749/0025923/0036803/0033770/0011468/0020534/0026827/0031676/0044332;;
141 ;CDD MACEIO;10;HORIZONTE EXPRESS TRANSPORTES LTDA;03/09/2026;Sim;573690;10;22:49:09;Rota;01;VUC;QYO8A15;;000000000192;Fixa;PC financeira;15:15;Padrao;43,92;09:17:00;25;187,70;74,48 ;5043;66,89 ;100,00;74,48 ;;;;;;Roterizada;;;MACEIO (25);[MAC]: JACARECICA (7) / SAO JORGE (7) / CRUZ DAS ALMAS (6) / FEITOSA (3) / SERRARIA (2);0030043/0049308/0046424/0029578/0024215/0032703/0045730/0022497/0049361/0042153/0049010/0030517/0021298/0028633/0017234/0039156/0048460/0029756/0077611/0042766/0045114/0049175/0076013/0041903/0048590;;
141 ;CDD MACEIO;10;HORIZONTE EXPRESS TRANSPORTES LTDA;03/09/2026;Sim;573691;10;22:49:41;Rota;01;VUC;PDB1563;;000000000061;Fixa;PC financeira;18:59;Padrao;39,90;09:16:00;13;246,16;97,68 ;6609;87,66 ;100,00;97,68 ;;;;;;Roterizada;;;MACEIO (13);[MAC]: JACINTINHO (7) / CRUZ DAS ALMAS (3) / FEITOSA (3);0033125/0030144/0046426/0013883/0035860/0046229/0076542/0040473/0043731/0034917/0048274/0077912/0075988;;
141 ;CDD MACEIO;10;HORIZONTE EXPRESS TRANSPORTES LTDA;03/09/2026;Sim;573692;10;22:50:14;Rota;01;VUC;OHF9C94;;000000000045;Freteiro;PC financeira;21:40;Padrao;53,58;07:41:00;25;62,37;89,10 ;1673;109,37;100,00;109,37;;;;;;Roterizada;Peso;;MACEIO (25);[MAC]: PAJUCARA (7) / PONTA VERDE (6) / POCO (5) / JATIUCA (3) / PONTA DA TERRA (2) / CENTRO (1) / JARAGUA (1);0048469/0044699/0048874/0033138/0014588/0034689/0078989/0035578/0010820/0034315/0045903/0032641/0046102/0024514/0049068/0044012/0028255/0042747/0050272/0035141/0034796/0022745/0045319/0047008/0010296;;
141 ;CDD MACEIO;10;HORIZONTE EXPRESS TRANSPORTES LTDA;03/09/2026;Sim;573693;10;22:50:46;Rota;01;Truck;QYD4420;;000000000042;Fixa;PC financeira;20:12;Padrao;47,22;09:22:00;20;306,34;72,93 ;8119;64,54 ;100,00;72,93 ;;;;;;Roterizada;;;RIO LARGO (20);[RIO]: MATA DO ROLO (7) / LOTEAMENTO VILA RICA (6) / VILA MINHA ALDEIA (2) / CENTRO (1) / CENTRO (1) / VILA RICA (1) / TEOTONIO VILELA (1) / TABULEIRO DO PINTO CRUZEIRO DO SUL (1);0047772/0033731/0048907/0050472/0042445/0047480/0049649/0025282/0022756/0026692/0042627/0022980/0030062/0049315/0047763/0043487/0046727/0050411/0032138/0047653;;
141 ;CDD MACEIO;10;HORIZONTE EXPRESS TRANSPORTES LTDA;03/09/2026;Não;573706;10;00:00:00;Rota;01;Truck;MUZ4C85;;000000000041;Freteiro;PC financeira;12:46;Padrao;0,00;00:00:00;1;234,58;46,54 ;6669;45,36 ;0,00;0,00;;;;;;Roterizada;;;MACEIO (1);[MAC]: ANTARES (1);0038227;;
141 ;CDD MACEIO;10;HORIZONTE EXPRESS TRANSPORTES LTDA;04/09/2026;Sim;573723;10;20:54:42;Rota;01;VUC;RUY0H68;;000000000217;Fixa;PC financeira;15:45;Padrao;61,31;06:23:00;16;51,74;73,91 ;1412;96,79 ;100,00;96,79 ;;;;;;Roterizada;;;MACEIO (16);[MAC]: POCO (3) / PONTA GROSSA (3) / JACINTINHO (2) / LEVADA (2) / CENTRO (1) / FAROL (1) / JARAGUA (1) / PAJUCARA (1) / TRAPICHE DA BARRA (1) / VERGEL DO LAGO (1);0039046/0031084/0042939/0020507/0048899/0010524/0099908/0015544/0037104/0044021/0032570/0014733/0050140/0047838/0037846/0028037;;
141 ;CDD MACEIO;10;HORIZONTE EXPRESS TRANSPORTES LTDA;04/09/2026;Sim;573724;10;20:55:15;Rota;01;VUC;UHK4I48;;000000000087;Fixa;PC financeira;14:19;Padrao;52,03;08:50:00;14;214,83;85,25 ;5820;77,18 ;100,00;85,25 ;;;;;;Roterizada;;;MACEIO (14);[MAC]: IPIOCA (10) / PESCARIA (3) / CANAA (1);0041530/0047487/0048104/0049066/0026681/0033730/0036165/0045035/0039934/0037738/0029711/0037082/0024471/0049475;;
141 ;CDD MACEIO;10;HORIZONTE EXPRESS TRANSPORTES LTDA;04/09/2026;Sim;573725;10;20:55:47;Rota;01;VUC;PDB3873;;000000000030;Fixa;PC financeira;16:27;Padrao;38,36;09:10:00;16;202,32;80,28 ;5040;66,85 ;100,00;80,28 ;;;;;;Roterizada;;;MACEIO (16);[MAC]: MANGABEIRAS (8) / JATIUCA (5) / POCO (2) / PONTA VERDE (1);0018408/0044376/0045683/0048247/0049340/0047726/0049653/0049428/0045400/0037859/0046819/0046067/0045537/0047003/0040508/0048169;;
141 ;CDD MACEIO;10;HORIZONTE EXPRESS TRANSPORTES LTDA;04/09/2026;Sim;573726;10;20:56:20;Rota;01;VUC;PDB1563;;000000000061;Fixa;PC financeira;18:48;Padrao;48,04;09:02:00;16;203,91;80,91 ;5302;70,32 ;100,00;80,91 ;;;;;;Roterizada;;;MACEIO (16);[MAC]: JACINTINHO (15) / PAJUCARA (1);0036880/0045616/0019712/0044552/0029804/0035383/0033887/0031917/0022077/0013685/0018789/0015807/0030769/0044034/0046797/0022367;;
141 ;CDD MACEIO;10;HORIZONTE EXPRESS TRANSPORTES LTDA;04/09/2026;Sim;573727;10;20:56:51;Rota;01;Truck;HZB8033;;000000008033;Freteiro;PC financeira;14:33;Padrao;34,29;05:25:00;1;337,70;67,00 ;9153;70,30 ;65,00 ;45,69 ;;;;;;Roterizada;;;MACEIO (1);[MAC]: LEVADA (1);0048418;;
141 ;CDD MACEIO;10;HORIZONTE EXPRESS TRANSPORTES LTDA;04/09/2026;Sim;573728;10;20:57:24;Rota;01;VUC;CYN7662;;000000000171;Freteiro;PC financeira;16:41;Padrao;76,26;09:00:00;14;89,78;64,12 ;2386;62,79 ;100,00;64,12 ;;;;;;Roterizada;;;MACEIO (14);[MAC]: BENESITO BENTES II (3) / CIDADE UNIVERSITARIA (3) / BARRO DURO (2) / SANTOS DUMONT (1) / CHA DA JAQUEIRA (1) / JACINTINHO (1) / TABULEIRO DO MARTINS (1) / CLIMA BOM (1) / BENEDITO BENTES (1);0048813/0046295/0041803/0076111/0025918/0047068/0014073/0031339/0031426/0046235/0020649/0034990/0020855/0041486;;
141 ;CDD MACEIO;10;HORIZONTE EXPRESS TRANSPORTES LTDA;04/09/2026;Sim;573729;10;20:58:12;Rota;01;VUC;RUY0H66;;000000000355;Fixa;PC financeira;14:35;Padrao;33,33;04:49:00;17;53,15;75,92 ;1415;96,99 ;100,00;96,99 ;;;;;;Roterizada;;;MACEIO (17);[MAC]: CIDADE UNIVERSITARIA (8) / SANTOS DUMONT (3) / SANTA LUCIA (2) / TABULEIRO DOS MARTINS (2) / BENESITO BENTES II (1) / TABULEIRO DO MARTINS (1);0031017/0047272/0016466/0033419/0046742/0038063/0022948/0044734/0035941/0018132/0046256/0033702/0050045/0037952/0037661/0033473/0044471;;
141 ;CDD MACEIO;10;HORIZONTE EXPRESS TRANSPORTES LTDA;04/09/2026;Sim;573730;10;20:58:46;Rota;01;VUC;RUY0H69;;000000000356;Fixa;PC financeira;15:32;Padrao;53,76;07:04:00;17;53,14;75,91 ;1455;99,76 ;100,00;99,76 ;;;;;;Roterizada;;;MACEIO (17);[MAC]: BARRO DURO (4) / SANTA LUCIA (4) / JACINTINHO (3) / SERRARIA (2) / FEITOSA (1) / JACARECICA (1) / SAO JORGE (1) / JARDIM PETROPOLIS (1);0050420/0050402/0031405/0039366/0077883/0050511/0026140/0045490/0048067/0045443/0034975/0032351/0043071/0047905/0047071/0011462/0034270;;
141 ;CDD MACEIO;10;HORIZONTE EXPRESS TRANSPORTES LTDA;04/09/2026;Sim;573731;10;20:59:18;Rota;01;VUC;PDB3703;;000000000044;Fixa;PC financeira;20:04;Recarga;65,32;06:12:00;5;121,16;48,07 ;3246;43,05 ;74,40 ;35,76 ;;;;;;Roterizada;;;PARIPUEIRA (4) / BARRA DE SANTO ANTONIO (1);[PAR]: CENTRO (4) / [BAR]: CENTRO (1);0045927/0038399/0034417/0024045/0042230;;
141 ;CDD MACEIO;10;HORIZONTE EXPRESS TRANSPORTES LTDA;04/09/2026;Sim;573732;10;20:59:50;Rota;01;VUC;PDB0903;;000000000242;Fixa;PC financeira;20:12;Noturno;55,81;08:42:00;15;174,01;69,05 ;4788;63,50 ;100,00;69,05 ;;;;;;Roterizada;;;MACEIO (15);[MAC]: POCO (3) / JARAGUA (2) / JATIUCA (2) / PAJUCARA (2) / CRUZ DAS ALMAS (1) / FAROL (1) / GRUTA DE LOURDES (1) / PONTA VERDE (1) / PRADO (1) / PETROPOLIS (1);0041311/0030767/0045976/0075983/0032400/0035012/0047831/0045592/0037280/0048117/0046933/0043947/0042554/0039584/0024517;;
141 ;CDD MACEIO;10;HORIZONTE EXPRESS TRANSPORTES LTDA;04/09/2026;Sim;573733;10;21:00:23;Rota;01;VUC;SHB4B71;;000000000053;Fixa;PC financeira;15:59;Padrao;40,29;06:12:00;18;56,67;80,95 ;1439;97,89 ;100,00;97,89 ;;;;;;Roterizada;;;MACEIO (18);[MAC]: CLIMA BOM (6) / TABULEIRO DO MARTINS (5) / SANTOS DUMONT (4) / CHA DA JAQUEIRA (1) / PETROPOLIS (1) / JARDIM PETROPOLIS (1);0049519/0037155/0045499/0030610/0078892/0037884/0015348/0048238/0045527/0048055/0044792/0029912/0034560/0033502/0039297/0078879/0020984/0046028;;
141 ;CDD MACEIO;10;HORIZONTE EXPRESS TRANSPORTES LTDA;04/09/2026;Sim;573734;10;21:00:57;Rota;01;Toco;PCA8H54;;000000000004;Fixa;PC financeira;18:23;Padrao;33,06;08:57:00;23;223,91;59,23 ;6053;48,11 ;100,00;59,23 ;;;;;;Roterizada;;;MACEIO (20) / RIO LARGO (3);[MAC]: CIDADE UNIVERSITARIA (16) / SANTOS DUMONT (1) / CENTRO (1) / TABULEIRO DO MARTINS (1) / TABULEIRO DOS MARTINS (1) / [RIO]: TABULEIRO DO PINTO (3);0049268/0048789/0035067/0032756/0023443/0020557/0032384/0049354/0046342/0047481/0076407/0048499/0029627/0047124/0025287/0033549/0033072/0018940/0029186/0028658/0076868/0047919/0049287;;
141 ;CDD MACEIO;10;HORIZONTE EXPRESS TRANSPORTES LTDA;04/09/2026;Sim;573735;10;21:01:30;Rota;01;Truck;UHJ6F39;;000000000296;Fixa;PC financeira;17:09;Padrao;28,34;08:58:00;15;319,38;76,04 ;9099;72,33 ;100,00;76,04 ;;;;;;Roterizada;;;MACEIO (12) / RIO LARGO (3);[MAC]: SANTOS DUMONT (11) / CLIMA BOM (1) / [RIO]: TABULEIRO DO PINTO (1) / UTINGA (1) / BRASIL NOVO (1);0040199/0040522/0046808/0031131/0032784/0027295/0038774/0046753/0047533/0049115/0045964/0033729/0039256/0043246/0035717;;
141 ;CDD MACEIO;10;HORIZONTE EXPRESS TRANSPORTES LTDA;04/09/2026;Sim;573736;10;21:02:04;Rota;01;VUC;PDB3663;;000000000016;Fixa;PC financeira;20:17;Padrao;50,31;08:38:00;20;248,10;98,45 ;6632;87,96 ;100,00;98,45 ;;;;;;Roterizada;;;RIO LARGO (20);[RIO]: CENTRO (8) / VILA SAO LOURENCO (3) / MATA DO ROLO (2) / CENTRO (1) / ALTO SAO MIGUEL (1) / CONJUNTO MULTIRAO (1) / CONJUNTO MUTIRAO (1) / LOTEAMENTO VILA RICA (1) / "CENTRO " (1) / CUCAU 2 (1);0049067/0042487/0021158/0029503/0034946/0036585/0049409/0040303/0036154/0078407/0046610/0042773/0047376/0042413/0019529/0018637/0043426/0034722/0023122/0049014;;
141 ;CDD MACEIO;10;HORIZONTE EXPRESS TRANSPORTES LTDA;04/09/2026;Sim;573737;10;21:02:36;Rota;01;Truck;QYD5300;;000000000350;Fixa;PC financeira;17:26;Padrao;39,27;09:13:00;20;219,06;52,15 ;5925;47,10 ;100,00;52,15 ;;;;;;Roterizada;;;MACEIO (20);[MAC]: SANTA LUCIA (9) / SERRARIA (4) / ANTARES (3) / CANAA (2) / TABULEIRO DO MARTINS (1) / TABULEIRO DOS MARTINS (1);0024123/0034996/0045373/0047341/0022883/0011330/0029089/0013256/0019129/0019630/0026191/0078518/0041887/0078955/0042774/0077139/0039691/0039567/0038275/0046865;;
141 ;CDD MACEIO;10;HORIZONTE EXPRESS TRANSPORTES LTDA;04/09/2026;Sim;573738;10;21:03:08;Rota;01;VUC;PDB2783;;000000000358;Fixa;PC financeira;20:30;Recarga;39,68;04:47:00;6;134,65;53,43 ;3206;42,52 ;57,40 ;30,66 ;;;;;;Roterizada;;;MACEIO (6);[MAC]: JATIUCA (4) / PONTA VERDE (2);0012986/0040043/0038732/0050369/0029204/0031122;;
141 ;CDD MACEIO;10;HORIZONTE EXPRESS TRANSPORTES LTDA;04/09/2026;Sim;573739;10;21:03:41;Rota;01;Truck;QYD6020;;000000000106;Fixa;PC financeira;16:18;Padrao;27,82;09:13:00;21;195,92;46,64 ;5457;43,38 ;100,00;46,64 ;;;;;;Roterizada;;;MACEIO (21);[MAC]: TABULEIRO DO MARTINS (11) / CLIMA BOM (8) / SANTA AMELIA (1) / TABULEIRO DOS MARTINS (1);0025791/0049744/0047284/0032701/0013534/0033337/0048034/0011851/0037259/0021274/0011276/0015515/0045704/0044337/0020720/0048544/0041128/0034592/0047901/0030560/0027408;;
141 ;CDD MACEIO;10;HORIZONTE EXPRESS TRANSPORTES LTDA;04/09/2026;Sim;573740;10;21:04:13;Rota;01;Truck;QYD4420;;000000000262;Fixa;PC financeira;18:45;Padrao;31,94;09:10:00;14;184,82;44,00 ;5150;40,94 ;100,00;44,00 ;;;;;;Roterizada;;;MACEIO (14);[MAC]: PETROPOLIS (9) / CHA DA JAQUEIRA (2) / TABULEIRO DO MARTINS (1) / CHA DE BEBEDOURO (1) / SANTO AMARO (1);0020670/0044590/0016262/0038236/0042392/0047060/0040116/0076598/0028981/0048631/0031828/0025769/0078472/0046473;;
141 ;CDD MACEIO;10;HORIZONTE EXPRESS TRANSPORTES LTDA;04/09/2026;Sim;573741;10;21:04:46;Rota;01;Truck;QYD4490;;000000000201;Fixa;PC financeira;18:27;Padrao;54,40;09:15:00;25;246,81;58,76 ;6552;52,08 ;100,00;58,76 ;;;;;;Roterizada;;;RIO LARGO (25);[RIO]: TABULEIRO DO PINTO (7) / CENTRO (7) / MATA DO ROLO (3) / LOTEAMENTO VILA RICA (3) / CENTRO (1) / TABULEIRO DO PINTO (1) / AEROPORTO (1) / CONJUNTO NAPOLEAO VIANA (1) / VILA MINHA ALDEIA (1);0041387/0077890/0044818/0045715/0031172/0047653/0047172/0047552/0049342/0077926/0048903/0032801/0049493/0045617/0033891/0047171/0025586/0037489/0018734/0044513/0050082/0022009/0046820/0029120/0029940;;
141 ;CDD MACEIO;10;HORIZONTE EXPRESS TRANSPORTES LTDA;04/09/2026;Sim;573742;10;21:05:19;Rota;01;VUC;PDB3I13;;000000000257;Fixa;PC financeira;20:15;Padrao;45,69;09:16:00;18;205,76;81,65 ;5695;75,53 ;100,00;81,65 ;;;;;;Roterizada;;;MACEIO (18);[MAC]: LEVADA (8) / PONTA GROSSA (5) / PRADO (2) / TRAPICHE DA BARRA (2) / CENTRO (1);0036637/0010853/0023882/0078487/0034011/0031774/0050164/0016302/0023949/0048678/0020390/0032340/0015541/0031396/0041295/0039150/0014639/0026243;;
141 ;CDD MACEIO;10;HORIZONTE EXPRESS TRANSPORTES LTDA;04/09/2026;Sim;573743;10;21:05:51;Rota;01;Truck;QYD5670;;000000000042;Fixa;PC financeira;20:43;Padrao;41,16;09:16:00;17;187,68;44,68 ;5247;41,71 ;100,00;44,68 ;;;;;;Roterizada;;;MACEIO (17);[MAC]: BARRO DURO (7) / SAO JORGE (5) / JACINTINHO (2) / BENESITO BENTES II (1) / CRUZ DAS ALMAS (1) / JACARECICA (1);0026077/0044594/0049265/0012780/0040129/0049565/0041828/0012574/0038091/0030046/0046714/0049259/0046022/0048791/0046833/0033459/0012666;;
141 ;CDD MACEIO;10;HORIZONTE EXPRESS TRANSPORTES LTDA;04/09/2026;Sim;573744;10;21:06:24;Rota;01;Truck;QYD5420;;000000000224;Fixa;PC financeira;16:14;Padrao;20,39;09:10:00;34;249,14;59,31 ;6649;52,85 ;100,00;59,31 ;;;;;;Roterizada;;;MACEIO (34);[MAC]: CIDADE UNIVERSITARIA (18) / BENESITO BENTES II (13) / TABULEIRO DO MARTINS (2) / BENEDITO BENTES (1);0010973/0041655/0016309/0076953/0021712/0035474/0011796/0041480/0041592/0042016/0033233/0019891/0013438/0049329/0049309/0049617/0043297/0049037/0039386/0029050/0049920/0039275/0030684/0076912/0034167/0040609/0047751/0042382/0047640/0041255/0078781/0020410/0030689/0032296;;
141 ;CDD MACEIO;10;HORIZONTE EXPRESS TRANSPORTES LTDA;04/09/2026;Sim;573745;10;21:06:56;Rota;01;Truck;QYD5790;;000000000362;Fixa;PC financeira;17:17;Padrao;29,09;08:53:00;26;228,87;54,49 ;6169;49,04 ;100,00;54,49 ;;;;;;Roterizada;;;MACEIO (26);[MAC]: BENESITO BENTES II (22) / BENEDITO BENTES (3) / TRAPICHE DA BARRA (1);0044648/0038266/0033153/0047168/0014419/0037964/0030296/0033297/0077428/0033089/0038376/0045330/0032906/0039100/0038380/0035728/0041797/0077725/0044591/0047200/0030251/0039399/0016675/0029121/0044634/0046491;;
141 ;CDD MACEIO;10;HORIZONTE EXPRESS TRANSPORTES LTDA;04/09/2026;Sim;573746;10;21:07:28;Rota;01;Truck;DOT6640;;000000000043;Fixa;PC financeira;12:25;Padrao;16,15;09:12:00;18;299,89;71,40 ;8130;65,25 ;100,00;71,40 ;;;;;;Roterizada;;;MACEIO (18);[MAC]: TABULEIRO DO MARTINS (11) / SANTA LUCIA (7);0011604/0078723/0022508/0025823/0039869/0012519/0028991/0046723/0039166/0037295/0038782/0049124/0038971/0034458/0048620/0049580/0035230/0076632;;
141 ;CDD MACEIO;54;Zumpy Mobilidade Urbana Sustentavel Ltda;04/09/2026;Sim;573748;10;21:08:01;Rota;01;VUC;CRW3M01;;000000000046;Fixa;PC financeira;18:27;Padrao;52,50;04:12:00;15;22,30;79,64 ;599;99,92 ;100,00;99,92 ;;;;;;Roterizada;;;RIO LARGO (9) / MACEIO (6);[RIO]: CENTRO (5) / TABULEIRO DO PINTO (2) / CONJUNTO BANDEIRANTE (1) / RIACHO DAS PEDRAS (1) / [MAC]: SANTOS DUMONT (4) / CIDADE UNIVERSITARIA (2);0034055/0047400/0044117/0036905/0050264/0044997/0045541/0036958/0050135/0050026/0049209/0032157/0047360/0077736/0021218;573747;
141 ;CDD MACEIO;54;Zumpy Mobilidade Urbana Sustentavel Ltda;04/09/2026;Sim;573749;10;21:08:01;Rota;01;VUC;CRW3M02;;000000000241;Fixa;PC financeira;17:26;Padrao;21,43;03:09:00;14;21,57;77,03 ;590;98,49 ;100,00;98,49 ;;;;;;Roterizada;;;MACEIO (14);[MAC]: CIDADE UNIVERSITARIA (13) / TABULEIRO DO MARTINS (1);0049253/0049692/0031380/0050412/0036666/0047513/0032382/0077543/0040340/0028828/0043887/0019242/0078328/0048056;573747;
141 ;CDD MACEIO;54;Zumpy Mobilidade Urbana Sustentavel Ltda;04/09/2026;Sim;573750;10;21:08:01;Rota;01;VUC;CRW3M03;;000000000024;Fixa;PC financeira;17:16;Padrao;24,65;02:47:00;13;23,88;85,28 ;589;98,18 ;100,00;98,18 ;;;;;;Roterizada;;;MACEIO (13);[MAC]: BENESITO BENTES II (9) / CIDADE UNIVERSITARIA (3) / GRUTA DE LOURDES (1);0030715/0032662/0030494/0049393/0035757/0047582/0030607/0033239/0040275/0040748/0036199/0040126/0049082;573747;
141 ;CDD MACEIO;54;Zumpy Mobilidade Urbana Sustentavel Ltda;04/09/2026;Sim;573751;10;21:08:01;Rota;01;VUC;CRW3M04;;000000000312;Fixa;PC financeira;14:49;Padrao;22,80;02:42:00;14;20,42;72,92 ;564;94,03 ;100,00;94,03 ;;;;;;Roterizada;;;MACEIO (14);[MAC]: CLIMA BOM (14);0013354/0011309/0030275/0049249/0036781/0033285/0035593/0044480/0043915/0043621/0030465/0041997/0026974/0033780;573747;
141 ;CDD MACEIO;54;Zumpy Mobilidade Urbana Sustentavel Ltda;04/09/2026;Sim;573752;10;21:08:02;Rota;01;VUC;CRW3M05;;000000000312;Fixa;PC financeira;17:07;Padrao;33,24;04:10:00;18;24,33;86,89 ;599;99,93 ;100,00;99,93 ;;;;;;Roterizada;;;MACEIO (18);[MAC]: TABULEIRO DO MARTINS (7) / CHA DA JAQUEIRA (4) / PETROPOLIS (4) / SANTA AMELIA (1) / CLIMA BOM (1) / TABULEIRO DOS MARTINS (1);0034157/0048314/0076803/0038095/0041988/0036970/0042547/0042485/0030599/0076959/0045827/0019641/0037597/0010900/0042565/0016894/0050010/0047152;573747;
141 ;CDD MACEIO;54;Zumpy Mobilidade Urbana Sustentavel Ltda;04/09/2026;Sim;573753;10;21:08:02;Rota;01;VUC;CRW3M06;;000000000312;Fixa;PC financeira;21:48;Padrao;25,24;03:11:00;14;21,63;77,25 ;582;97,16 ;100,00;97,16 ;;;;;;Roterizada;;;MACEIO (14);[MAC]: SANTA LUCIA (12) / JARDIM PETROPOLIS (2);0048004/0041116/0038627/0041159/0079004/0042635/0043230/0032860/0078339/0033848/0039351/0016546/0031717/0033824;573747;
141 ;CDD MACEIO;54;Zumpy Mobilidade Urbana Sustentavel Ltda;04/09/2026;Sim;573754;10;21:08:02;Rota;01;VUC;CRW3M07;;000000000314;Fixa;PC financeira;14:48;Padrao;27,71;03:05:00;13;20,31;72,53 ;555;92,51 ;100,00;92,51 ;;;;;;Roterizada;;;MACEIO (13);[MAC]: TABULEIRO DO MARTINS (5) / SANTA LUCIA (4) / BENESITO BENTES II (3) / SERRARIA (1);0050312/0022440/0050441/0044769/0048653/0012511/0030983/0034764/0042472/0034142/0077276/0049449/0025713;573747;
141 ;CDD MACEIO;54;Zumpy Mobilidade Urbana Sustentavel Ltda;04/09/2026;Sim;573755;10;21:08:02;Rota;01;VUC;CRW3M08;;000000000319;Fixa;PC financeira;17:45;Padrao;72,19;04:49:00;15;20,91;74,67 ;585;97,51 ;100,00;97,51 ;;;;;;Roterizada;;;MACEIO (15);[MAC]: BENESITO BENTES II (4) / IPIOCA (3) / BENEDITO BENTES (3) / BARRO DURO (2) / SAO JORGE (2) / SERRARIA (1);0041824/0046562/0046664/0050298/0050374/0044678/0049486/0034795/0048332/0047338/0043900/0047779/0035070/0012453/0050408;573747;
141 ;CDD MACEIO;54;Zumpy Mobilidade Urbana Sustentavel Ltda;04/09/2026;Sim;573756;10;21:08:02;Rota;01;VUC;CRW3M09;;000000000241;Fixa;PC financeira;14:49;Padrao;47,40;03:54:00;14;21,81;77,89 ;577;96,28 ;100,00;96,28 ;;;;;;Roterizada;;;MACEIO (14);[MAC]: PONTA VERDE (8) / POCO (4) / JATIUCA (2);0020525/0032849/0050228/0033496/0047694/0048058/0045706/0040506/0011701/0036678/0043377/0049068/0020051/0028002;573747;
141 ;CDD MACEIO;54;Zumpy Mobilidade Urbana Sustentavel Ltda;04/09/2026;Sim;573757;10;21:08:02;Rota;01;VUC;CRW3M10;;000000000024;Fixa;PC financeira;14:46;Padrao;48,24;03:34:00;13;22,03;78,67 ;592;98,77 ;100,00;98,77 ;;;;;;Roterizada;;;MACEIO (13);[MAC]: PONTA GROSSA (6) / CENTRO (3) / LEVADA (2) / TRAPICHE DA BARRA (2);0044742/0099930/0049379/0049357/0037253/0024337/0033788/0041657/0033244/0014252/0046815/0038277/0024344;573747;
141 ;CDD MACEIO;54;Zumpy Mobilidade Urbana Sustentavel Ltda;04/09/2026;Sim;573758;10;21:08:02;Rota;01;VUC;CRW3M11;;000000000024;Fixa;PC financeira;20:44;Padrao;43,73;03:31:00;14;22,01;78,60 ;590;98,42 ;100,00;98,42 ;;;;;;Roterizada;;;MACEIO (14);[MAC]: LEVADA (5) / JACINTINHO (4) / CENTRO (2) / BOM PARTO (1) / FAROL (1) / PONTA VERDE (1);0046639/0020423/0026516/0048165/0034236/0037602/0049185/0040143/0034760/0045908/0011362/0078724/0048351/0045018;573747;
141 ;CDD MACEIO;54;Zumpy Mobilidade Urbana Sustentavel Ltda;04/09/2026;Sim;573759;10;21:08:03;Rota;01;VUC;CRW3M12;;000000000241;Fixa;PC financeira;21:35;Padrao;60,68;06:31:00;17;21,20;75,71 ;570;95,07 ;100,00;95,07 ;;;;;;Roterizada;;;MACEIO (17);[MAC]: JACINTINHO (8) / CHA DA JAQUEIRA (2) / BARRO DURO (1) / BEBEDOURO (1) / FEITOSA (1) / JATIUCA (1) / SAO JORGE (1) / SANTO AMARO (1) / CLIMA BOM (1);0023752/0042374/0038166/0035359/0047465/0043025/0034309/0049667/0038801/0026823/0041380/0041409/0026211/0015328/0029603/0021989/0050006;573747;
141 ;CDD MACEIO;10;HORIZONTE EXPRESS TRANSPORTES LTDA;04/09/2026;Não;573765;11;00:00:00;Rota;01;Truck;MUZ4C85;;000000000041;Freteiro;PC financeira;11:00;Padrao;0,00;00:00:00;1;129,99;25,79 ;3611;24,56 ;0,00;0,00;;;;;;Roterizada;;;MACEIO (1);[MAC]: JACINTINHO (1);0010561;;
141 ;CDD MACEIO;10;HORIZONTE EXPRESS TRANSPORTES LTDA;04/09/2026;Não;573766;11;00:00:00;AS;01;Carreta;RZT0J80;;000000000268;Fixa;PC financeira;18:29;Padrao;0,00;00:00:00;1;456,63;77,65 ;12207;71,46 ;0,00;0,00;;;;;;Roterizada;;;MACEIO (1);[MAC]: CIDADE UNIVERSITARIA (1);0047936;;
141 ;CDD MACEIO;0;Não cadastrada;03/09/2026;Não;573768;10;00:00:00;Rota;01;;;;000000000000;;PC financeira;13:07;Padrao;0,00;00:00:00;1;3,58;0,00;104;100,00;100,00;100,00;;;;;;Roterizada;;;MACEIO (1);[MAC]: SERRARIA (1);0021402;;
141 ;CDD MACEIO;10;HORIZONTE EXPRESS TRANSPORTES LTDA;03/09/2026;Não;573769;10;00:00:00;Rota;01;VUC;OHF9C94;;000000000045;Freteiro;PC financeira;17:04;Padrao;0,00;00:00:00;5;54,14;77,34 ;1480;96,73 ;100,00;96,73 ;;;;;;Roterizada;;;MACEIO (5);[MAC]: SERRARIA (5);0038280/0078367/0026686/0047026/0045424;;
141 ;CDD MACEIO;0;Não cadastrada;04/09/2026;Sim;573770;10;16:36:30;Rota;01;;;;000000000000;;PC financeira;13:14;Padrao;0,00;00:00:00;1;1,13;0,00;25;100,00;100,00;100,00;;;;;;Roterizada;;;MACEIO (1);[MAC]: BENESITO BENTES II (1);0031937;;
141 ;CDD MACEIO;10;HORIZONTE EXPRESS TRANSPORTES LTDA;05/09/2026;Sim;573772;10;21:24:58;Rota;01;VUC;PDB0903;;000000000034;Fixa;PC financeira;18:17;Noturno;48,39;08:12:00;7;234,54;93,07 ;5804;76,98 ;98,40 ;91,58 ;;;;;;Roterizada;;;MACEIO (7);[MAC]: ANTARES (1) / BENESITO BENTES II (1) / CRUZ DAS ALMAS (1) / JACINTINHO (1) / PONTA VERDE (1) / TABULEIRO DO MARTINS (1) / BENEDITO BENTES (1);0045947/0049473/0039202/0046635/0036385/0042168/0039552;;
141 ;CDD MACEIO;10;HORIZONTE EXPRESS TRANSPORTES LTDA;05/09/2026;Sim;573773;10;21:25:30;Rota;01;VUC;QYO8A15;;000000000042;Fixa;PC financeira;20:20;Padrao;48,18;08:36:00;13;245,89;97,57 ;6903;91,55 ;100,00;97,57 ;;;;;;Roterizada;;;RIO LARGO (13);[RIO]: CENTRO (3) / MATA DO ROLO (3) / TABULEIRO DO PINTO (2) / ANTONIO LINS DE SOUZA (1) / PREF ANTONIO LINS (1) / CONJUNTO BANDEIRANTE (1) / PREFEITO ANTONIO L DE SOUZA (1) / CONJUNTO JARBAS OITICICA QD I (1);0044837/0049174/0037362/0023032/0047207/0033189/0046972/0049751/0049957/0032150/0041383/0034280/0076623;;
141 ;CDD MACEIO;10;HORIZONTE EXPRESS TRANSPORTES LTDA;05/09/2026;Sim;573774;10;21:26:03;Rota;01;VUC;QYO8B65;;000000000016;Fixa;PC financeira;18:42;Padrao;48,42;08:08:00;18;247,46;98,19 ;6445;69,15 ;97,60 ;95,83 ;;;;;;Roterizada;;;RIO LARGO (18);[RIO]: CENTRO (8) / LOURENCO ALBUQUERQUE (2) / CENTRO (1) / MATA DO ROLO (1) / ALTO SAO MIGUEL (1) / GUSTAVO PAIVA (1) / CONJUNTO MUTIRAO (1) / LOTEAMENTO VILA RICA (1) / TABULEIRO DO PINTO CRUZEIRO DO SUL (1) / AEROPORTO VELHO (1);0037611/0044299/0042818/0042882/0077518/0049587/0034723/0047045/0028789/0041916/0024029/0042598/0034162/0028893/0047293/0027807/0031236/0050372;;
141 ;CDD MACEIO;10;HORIZONTE EXPRESS TRANSPORTES LTDA;05/09/2026;Sim;573775;10;21:26:35;Rota;01;VUC;QYQ0H78;;000000000359;Fixa;PC financeira;18:40;Padrao;50,60;09:15:00;19;193,07;76,61 ;5008;66,77 ;100,00;76,61 ;;;;;;Roterizada;;;MACEIO (19);[MAC]: PONTA VERDE (8) / POCO (5) / PAJUCARA (4) / JARAGUA (1) / JATIUCA (1);0011632/0023175/0022153/0020645/0020166/0034868/0025827/0049734/0012051/0048333/0037031/0078524/0038732/0036607/0040589/0046701/0047694/0013399/0040043;;
141 ;CDD MACEIO;10;HORIZONTE EXPRESS TRANSPORTES LTDA;05/09/2026;Sim;573776;10;21:27:08;Rota;01;VUC;PDB4223;;000000000132;Fixa;PC financeira;17:35;Padrao;67,46;08:56:00;22;160,56;63,71 ;4358;57,80 ;100,00;63,71 ;;;;;;Roterizada;;;MACEIO (22);[MAC]: IPIOCA (10) / PESCARIA (4) / JACINTINHO (2) / ANTARES (1) / BARRO DURO (1) / CRUZ DAS ALMAS (1) / FEITOSA (1) / GARCA TORTA (1) / SAO JORGE (1);0044849/0034132/0032467/0032214/0078809/0039650/0049212/0012517/0024654/0023962/0025909/0032528/0021617/0024625/0049213/0008513/0047342/0039329/0049895/0029809/0030935/0016508;;
141 ;CDD MACEIO;10;HORIZONTE EXPRESS TRANSPORTES LTDA;05/09/2026;Sim;573777;10;21:27:41;Rota;01;Truck;QYD5790;;000000000362;Fixa;PC financeira;21:05;Padrao;45,89;09:07:00;30;176,89;42,11 ;4784;38,03 ;100,00;42,11 ;;;;;;Roterizada;;;MACEIO (30);[MAC]: BENESITO BENTES II (16) / ANTARES (7) / JACARECICA (2) / CIDADE UNIVERSITARIA (2) / CANAA (1) / FERNAO VELHO (1) / SERRARIA (1);0038145/0038964/0039029/0043097/0035781/0029688/0044806/0034717/0033350/0026975/0048383/0077399/0049070/0049934/0042928/0011113/0046047/0040455/0027058/0076977/0028492/0038621/0028732/0030742/0031612/0037015/0023787/0044546/0032104/0046345;;
141 ;CDD MACEIO;10;HORIZONTE EXPRESS TRANSPORTES LTDA;05/09/2026;Sim;573778;10;21:28:13;Rota;01;VUC;CYN7662;;000000000171;Freteiro;PC financeira;16:05;Padrao;59,04;09:18:00;22;96,45;68,89 ;2592;68,22 ;100,00;68,89 ;;;;;;Roterizada;;;MACEIO (22);[MAC]: CIDADE UNIVERSITARIA (13) / BENESITO BENTES II (4) / TABULEIRO DO MARTINS (2) / ANTARES (1) / CHA DA JAQUEIRA (1) / FERNAO VELHO (1);0043549/0034202/0034993/0047955/0029138/0035690/0036552/0041353/0049669/0078142/0042610/0045974/0045073/0077619/0032875/0045138/0047800/0046402/0034497/0034618/0030843/0046880;;
141 ;CDD MACEIO;10;HORIZONTE EXPRESS TRANSPORTES LTDA;05/09/2026;Sim;573779;10;21:28:46;Rota;01;Truck;UHJ6F39;;000000000296;Fixa;PC financeira;18:24;Padrao;31,21;09:10:00;22;224,12;53,36 ;6109;48,56 ;100,00;53,36 ;;;;;;Roterizada;;;MACEIO (22);[MAC]: CLIMA BOM (13) / TABULEIRO DO MARTINS (5) / SANTA AMELIA (3) / TABULEIRO DOS MARTINS (1);0030064/0027962/0030211/0048023/0036150/0076468/0035387/0035630/0050320/0047002/0028980/0047282/0046678/0030253/0034594/0076804/0035928/0011944/0033975/0044723/0045704/0028006;;
141 ;CDD MACEIO;10;HORIZONTE EXPRESS TRANSPORTES LTDA;05/09/2026;Sim;573780;10;21:29:18;Rota;01;VUC;PDB3663;;000000000106;Fixa;PC financeira;15:30;Padrao;43,67;09:17:00;20;175,16;69,50 ;4714;62,52 ;100,00;69,50 ;;;;;;Roterizada;;;MACEIO (20);[MAC]: CHA DA JAQUEIRA (7) / PETROPOLIS (7) / FERNAO VELHO (5) / TABULEIRO DO MARTINS (1);0049922/0042359/0044486/0026312/0037945/0033805/0047468/0040417/0041076/0021989/0021808/0030755/0046541/0049080/0047765/0027959/0046386/0076056/0030403/0077895;;
141 ;CDD MACEIO;10;HORIZONTE EXPRESS TRANSPORTES LTDA;05/09/2026;Sim;573781;10;21:30:10;Rota;01;VUC;RUY0H68;;000000000217;Fixa;PC financeira;15:32;Padrao;31,98;05:11:00;26;54,96;78,51 ;1450;99,39 ;100,00;99,39 ;;;;;;Roterizada;;;MACEIO (26);[MAC]: TABULEIRO DO MARTINS (13) / PETROPOLIS (8) / SANTA LUCIA (3) / JARDIM PETROPOLIS (1) / TABULEIRO DOS MARTINS (1);0029542/0047660/0010877/0027486/0035181/0034259/0050473/0035521/0042177/0033797/0030321/0048227/0049715/0024398/0078587/0014800/0077742/0023451/0047494/0049400/0048123/0032154/0033250/0029915/0044401/0044841;;
141 ;CDD MACEIO;10;HORIZONTE EXPRESS TRANSPORTES LTDA;05/09/2026;Sim;573782;10;21:30:43;Rota;01;Truck;QYD4490;;000000000201;Fixa;PC financeira;17:03;Padrao;48,02;09:06:00;24;256,17;60,99 ;6822;54,23 ;100,00;60,99 ;;;;;;Roterizada;;;RIO LARGO (24);[RIO]: CENTRO (7) / LOTEAMENTO VILA RICA (7) / MATA DO ROLO (5) / TABULEIRO DO PINTO CRUZEIRO DO SUL (3) / TABULEIRO DO PINTO (2);0046788/0078971/0044217/0041414/0076076/0039040/0046874/0032138/0048085/0042443/0024408/0046338/0036594/0046018/0048737/0032109/0045975/0049571/0047005/0078294/0023924/0049434/0037829/0038287;;
141 ;CDD MACEIO;10;HORIZONTE EXPRESS TRANSPORTES LTDA;05/09/2026;Sim;573783;10;21:31:15;Rota;01;Truck;QYD5300;;000000000350;Fixa;PC financeira;16:57;Padrao;34,92;09:15:00;28;195,25;46,48 ;5147;40,91 ;100,00;46,48 ;;;;;;Roterizada;;;MACEIO (28);[MAC]: TABULEIRO DO MARTINS (11) / CANAA (7) / CIDADE UNIVERSITARIA (5) / OURO PRETO (2) / SERRARIA (1) / SANTA LUCIA (1) / TABULEIRO DOS MARTINS (1);0038757/0030646/0030929/0040276/0076431/0049774/0042292/0042677/0031648/0032693/0039984/0040240/0039769/0014838/0036563/0034019/0044078/0076894/0049027/0021861/0026269/0031941/0046776/0076514/0040875/0026461/0018957/0031482;;
141 ;CDD MACEIO;10;HORIZONTE EXPRESS TRANSPORTES LTDA;05/09/2026;Sim;573784;10;21:31:47;Rota;01;Truck;QYD5670;;000000000262;Fixa;PC financeira;16:43;Padrao;44,00;09:12:00;3;337,70;80,40 ;9187;73,03 ;100,00;80,40 ;;;;;;Roterizada;;;MACEIO (3);[MAC]: LEVADA (1) / PRADO (1) / TRAPICHE DA BARRA (1);0037780/0039509/0016208;;
141 ;CDD MACEIO;10;HORIZONTE EXPRESS TRANSPORTES LTDA;05/09/2026;Sim;573785;10;21:32:19;Rota;01;VUC;PDB3873;;000000000030;Fixa;PC financeira;15:00;Padrao;41,29;08:47:00;13;236,25;93,75 ;5774;76,57 ;100,00;93,75 ;;;;;;Roterizada;;;MACEIO (13);[MAC]: JATIUCA (11) / CRUZ DAS ALMAS (1) / POCO (1);0050146/0047322/0031402/0034209/0050426/0050369/0012986/0037234/0048900/0032849/0018408/0019905/0046389;;
141 ;CDD MACEIO;10;HORIZONTE EXPRESS TRANSPORTES LTDA;05/09/2026;Sim;573786;10;21:32:51;Rota;01;VUC;PDB2833;;000000000358;Fixa;PC financeira;14:56;Padrao;51,91;08:22:00;5;171,09;67,89 ;5095;67,58 ;100,00;67,89 ;;;;;;Roterizada;;;RIO LARGO (3) / MACEIO (2);[RIO]: CENTRO (1) / JARBAS OITICICA (1) / MATA DO ROLO (1) / [MAC]: BENESITO BENTES II (1) / TABULEIRO DO MARTINS (1);0078169/0037467/0046156/0046734/0048693;;
141 ;CDD MACEIO;10;HORIZONTE EXPRESS TRANSPORTES LTDA;05/09/2026;Sim;573787;10;21:33:24;Rota;01;Carreta;RZT1A60;;000000000262;Fixa;PC financeira;18:29;Recarga;19,62;02:44:00;1;171,74;29,20 ;4760;27,87 ;32,80 ;9,57;;;;;;Roterizada;;;MACEIO (1);[MAC]: PETROPOLIS (1);0044828;;
141 ;CDD MACEIO;10;HORIZONTE EXPRESS TRANSPORTES LTDA;05/09/2026;Sim;573788;10;21:33:58;Rota;01;VUC;RUY0H66;;000000000356;Fixa;PC financeira;17:00;Padrao;33,62;06:23:00;31;53,76;76,80 ;1446;99,14 ;100,00;99,14 ;;;;;;Roterizada;;;MACEIO (31);[MAC]: FERNAO VELHO (14) / CLIMA BOM (14) / TABULEIRO DO MARTINS (2) / SANTA AMELIA (1);0041168/0050019/0048174/0043778/0076792/0036768/0034391/0047724/0012115/0048659/0047616/0037636/0048627/0037896/0035058/0032776/0049927/0041968/0076757/0076761/0050500/0032894/0038682/0040466/0042076/0013231/0042195/0044519/0033714/0050062/0042669;;
141 ;CDD MACEIO;10;HORIZONTE EXPRESS TRANSPORTES LTDA;05/09/2026;Sim;573789;10;21:34:30;Rota;01;VUC;RUY0H69;;000000000355;Fixa;PC financeira;17:37;Padrao;54,86;06:49:00;30;54,98;78,54 ;1448;99,30 ;100,00;99,30 ;;;;;;Roterizada;;;MACEIO (30);[MAC]: VERGEL DO LAGO (11) / TRAPICHE DA BARRA (9) / PONTA GROSSA (5) / CENTRO (4) / PRADO (1);0041758/0041289/0044315/0044741/0036706/0031786/0033144/0043188/0036088/0048757/0027802/0076730/0042515/0036611/0032094/0021892/0078102/0031130/0041468/0046243/0021527/0034425/0035683/0027793/0040613/0050198/0045588/0010135/0028195/0045269;;
141 ;CDD MACEIO;10;HORIZONTE EXPRESS TRANSPORTES LTDA;05/09/2026;Sim;573790;10;21:35:03;Rota;01;Truck;QYD4420;;000000000242;Fixa;PC financeira;20:22;Padrao;20,93;09:11:00;28;284,02;67,62 ;7353;58,45 ;100,00;67,62 ;;;;;;Roterizada;;;MACEIO (28);[MAC]: BENESITO BENTES II (27) / TABULEIRO DO MARTINS (1);0037809/0035656/0031998/0043012/0045788/0047941/0044433/0041946/0034926/0038837/0028124/0042342/0031703/0030968/0016089/0050202/0023934/0030738/0031918/0034989/0044163/0076895/0043516/0039240/0029443/0033538/0043850/0048508;;
141 ;CDD MACEIO;10;HORIZONTE EXPRESS TRANSPORTES LTDA;05/09/2026;Sim;573791;10;21:35:35;Rota;01;VUC;PDB3I13;;000000000017;Fixa;PC financeira;19:00;Padrao;47,63;09:04:00;17;199,66;79,23 ;5589;74,13 ;100,00;79,23 ;;;;;;Roterizada;;;MACEIO (17);[MAC]: TRAPICHE DA BARRA (7) / VERGEL DO LAGO (5) / PRADO (3) / PONTA GROSSA (2);0039719/0041857/0036869/0012385/0038648/0035910/0046368/0036436/0044389/0022474/0039927/0037436/0047075/0028913/0043182/0047084/0036972;;
141 ;CDD MACEIO;10;HORIZONTE EXPRESS TRANSPORTES LTDA;05/09/2026;Sim;573792;10;21:36:07;Rota;01;VUC;PDB2783;;000000000044;Fixa;PC financeira;18:50;Padrao;45,80;08:43:00;12;198,15;78,63 ;5581;74,02 ;100,00;78,63 ;;;;;;Roterizada;;;MACEIO (12);[MAC]: LEVADA (3) / FAROL (2) / JACINTINHO (2) / CIDADE UNIVERSITARIA (2) / CENTRO (1) / OURO PRETO (1) / TABULEIRO DO MARTINS (1);0029092/0045239/0048898/0047656/0079006/0034792/0077690/0026444/0047748/0011070/0032369/0035105;;
141 ;CDD MACEIO;10;HORIZONTE EXPRESS TRANSPORTES LTDA;05/09/2026;Sim;573793;10;21:36:39;Rota;01;VUC;PDB2683;;000000000257;Fixa;PC financeira;19:54;Padrao;41,90;08:49:00;17;236,46;93,83 ;6531;86,62 ;100,00;93,83 ;;;;;;Roterizada;;;MACEIO (17);[MAC]: VERGEL DO LAGO (10) / LEVADA (6) / PONTA GROSSA (1);0036723/0028061/0047690/0046498/0049188/0018184/0076858/0030748/0077712/0046653/0039570/0035974/0014566/0026174/0026229/0076838/0078194;;
141 ;CDD MACEIO;10;HORIZONTE EXPRESS TRANSPORTES LTDA;05/09/2026;Sim;573794;10;21:37:13;Rota;01;VUC;PDB3703;;000000000363;Fixa;PC financeira;18:56;Padrao;45,64;09:04:00;17;180,38;71,57 ;4990;66,18 ;100,00;71,57 ;;;;;;Roterizada;;;MACEIO (17);[MAC]: PRADO (9) / CENTRO (3) / LEVADA (3) / FAROL (2);0013012/0028119/0046579/0024288/0048368/0043132/0032465/0039169/0037608/0049280/0041599/0042753/0035911/0017615/0037227/0042431/0047992;;
141 ;CDD MACEIO;10;HORIZONTE EXPRESS TRANSPORTES LTDA;05/09/2026;Sim;573795;10;21:37:46;Rota;01;Truck;DOT6640;;000000000043;Fixa;PC financeira;17:53;Recarga;23,06;04:54:00;1;255,23;60,76 ;7104;57,01 ;58,80 ;35,72 ;;;;;;Roterizada;;;MACEIO (1);[MAC]: CIDADE UNIVERSITARIA (1);0046364;;
141 ;CDD MACEIO;10;HORIZONTE EXPRESS TRANSPORTES LTDA;05/09/2026;Sim;573796;10;21:38:20;Rota;01;Toco;PCA8H54;;000000000004;Fixa;PC financeira;16:28;Padrao;27,98;08:58:00;26;195,19;51,63 ;5376;42,74 ;100,00;51,63 ;;;;;;Roterizada;;;MACEIO (26);[MAC]: CIDADE UNIVERSITARIA (25) / RESIDENCIAL JARDIM ROYAL (1);0042874/0037230/0049958/0030107/0044609/0023038/0042308/0077290/0025381/0035541/0076004/0032718/0049576/0034062/0049731/0046780/0047278/0050007/0030351/0029599/0034879/0038569/0031325/0025778/0038360/0037524;;
141 ;CDD MACEIO;54;Zumpy Mobilidade Urbana Sustentavel Ltda;05/09/2026;Sim;573798;10;21:38:53;Rota;01;VUC;CRW3M01;;000000000046;Fixa;PC financeira;19:05;Padrao;56,92;04:26:00;14;21,25;75,89 ;559;93,18 ;100,00;93,18 ;;;;;;Roterizada;;;MACEIO (14);[MAC]: CENTRO (3) / JACINTINHO (3) / CHA DA JAQUEIRA (2) / FAROL (1) / POCO (1) / PRADO (1) / TRAPICHE DA BARRA (1) / VERGEL DO LAGO (1) / VERGEL (1);0049491/0048662/0077741/0035165/0031456/0010031/0038148/0050380/0012441/0010712/0010181/0039571/0039791/0049768;573797;
141 ;CDD MACEIO;54;Zumpy Mobilidade Urbana Sustentavel Ltda;05/09/2026;Sim;573799;10;21:38:54;Rota;01;VUC;CRW3M02;;000000000312;Fixa;PC financeira;17:08;Padrao;44,16;04:05:00;18;18,11;64,67 ;500;83,35 ;49,00 ;40,84 ;;;;;;Roterizada;;;MACEIO (18);[MAC]: CANAA (8) / JACINTINHO (4) / FEITOSA (2) / CRUZ DAS ALMAS (1) / JACARECICA (1) / MANGABEIRAS (1) / SERRARIA (1);0047570/0032195/0049544/0042895/0038155/0031877/0024506/0031474/0040542/0047277/0044825/0049956/0029372/0044352/0044252/0039458/0042954/0077139;573797;
141 ;CDD MACEIO;54;Zumpy Mobilidade Urbana Sustentavel Ltda;05/09/2026;Sim;573800;10;21:38:54;Rota;01;VUC;CRW3M03;;000000000314;Fixa;PC financeira;21:01;Padrao;19,30;02:06:00;13;20,97;74,89 ;581;96,96 ;100,00;96,96 ;;;;;;Roterizada;;;MACEIO (13);[MAC]: BENESITO BENTES II (6) / JACARECICA (5) / TABULEIRO DO MARTINS (1) / BENEDITO BENTES (1);0033735/0038193/0045564/0038044/0046357/0028762/0044325/0044547/0032870/0050523/0042561/0077541/0041702;573797;
141 ;CDD MACEIO;54;Zumpy Mobilidade Urbana Sustentavel Ltda;05/09/2026;Sim;573801;10;21:38:54;Rota;01;VUC;CRW3M04;;000000000319;Fixa;PC financeira;17:06;Padrao;24,80;02:56:00;13;21,72;77,57 ;574;95,83 ;100,00;95,83 ;;;;;;Roterizada;;;MACEIO (13);[MAC]: BENESITO BENTES II (8) / TABULEIRO DO MARTINS (3) / ANTARES (1) / MACEIO (1);0049712/0040222/0046173/0044022/0046632/0032015/0032900/0029594/0038564/0035613/0047408/0025317/0048295;573797;
141 ;CDD MACEIO;54;Zumpy Mobilidade Urbana Sustentavel Ltda;05/09/2026;Sim;573802;10;21:38:54;Rota;01;VUC;CRW3M05;;000000000241;Fixa;PC financeira;17:07;Padrao;14,13;02:50:00;15;21,61;77,17 ;599;99,87 ;100,00;99,87 ;;;;;;Roterizada;;;MACEIO (15);[MAC]: CIDADE UNIVERSITARIA (10) / BENESITO BENTES II (3) / CENTRO (1) / BENEDITO BENTES (1);0050284/0049896/0029546/0023520/0014679/0040845/0044330/0047500/0018895/0046096/0049615/0049762/0045119/0045596/0049228;573797;
141 ;CDD MACEIO;54;Zumpy Mobilidade Urbana Sustentavel Ltda;05/09/2026;Sim;573803;10;21:38:54;Rota;01;VUC;CRW3M06;;000000000024;Fixa;PC financeira;17:09;Padrao;43,36;03:23:00;11;21,26;75,92 ;581;96,90 ;100,00;96,90 ;;;;;;Roterizada;;;MACEIO (8) / RIO LARGO (3);[MAC]: CIDADE UNIVERSITARIA (4) / BENESITO BENTES II (3) / VILLAGE CAMPESTRE (1) / [RIO]: TABULEIRO DO PINTO (1) / CONJUNTO MUTIRAO (1) / TABULEIRO DO PINTO CRUZEIRO DO SUL (1);0034943/0030318/0049201/0076677/0049001/0049645/0050142/0039011/0046237/0036197/0035772;573797;
141 ;CDD MACEIO;10;HORIZONTE EXPRESS TRANSPORTES LTDA;05/09/2026;Sim;573804;11;21:39:27;AS;01;Carreta;RZT1A40;;000000000050;Fixa;PC financeira;16:40;Padrao;31,69;07:44:00;1;344,52;58,59 ;9796;57,35 ;92,80 ;54,37 ;;;;;;Roterizada;;;MACEIO (1);[MAC]: FAROL (1);0028668;;
141 ;CDD MACEIO;10;HORIZONTE EXPRESS TRANSPORTES LTDA;05/09/2026;Sim;573805;10;21:40:00;Rota;01;VUC;PDB1563;;000000000100;Fixa;PC financeira;20:13;Padrao;46,91;09:11:00;22;208,12;82,58 ;5605;74,34 ;100,00;82,58 ;;;;;;Roterizada;;;MACEIO (22);[MAC]: JACINTINHO (13) / CRUZ DAS ALMAS (5) / FEITOSA (3) / MANGABEIRAS (1);0076893/0012233/0047844/0030241/0020862/0023210/0034777/0029140/0034325/0046896/0033135/0027216/0028045/0044605/0077657/0045234/0041299/0050067/0030144/0012764/0031709/0034168;;
141 ;CDD MACEIO;10;HORIZONTE EXPRESS TRANSPORTES LTDA;05/09/2026;Sim;573806;11;21:40:34;AS;01;Carreta;RZT0J80;;000000000268;Fixa;PC financeira;19:09;Padrao;34,40;10:59:00;2;468,11;79,61 ;13205;77,31 ;100,00;79,61 ;;;;;;Roterizada;Tempo;;MACEIO (2);[MAC]: FAROL (1) / TABULEIRO DO MARTINS (1);0017409/0011199;;
141 ;CDD MACEIO;10;HORIZONTE EXPRESS TRANSPORTES LTDA;05/09/2026;Sim;573807;11;21:41:07;AS;01;Truck;MUZ4C85;;000000000041;Freteiro;PC financeira;20:47;Padrao;31,16;07:43:00;1;360,01;71,43 ;10581;71,98 ;92,60 ;66,65 ;;;;;;Roterizada;;;MACEIO (1);[MAC]: FAROL (1);0047651;;
141 ;CDD MACEIO;10;HORIZONTE EXPRESS TRANSPORTES LTDA;05/09/2026;Sim;573808;10;21:41:40;Rota;01;Truck;QYD5880;;000000000192;Fixa;PC financeira;12:25;Padrao;23,66;08:36:00;2;364,10;86,69 ;10822;86,03 ;100,00;86,69 ;;;;;;Roterizada;;;MACEIO (2);[MAC]: CIDADE UNIVERSITARIA (2);0046364/0046280;;
141 ;CDD MACEIO;10;HORIZONTE EXPRESS TRANSPORTES LTDA;05/09/2026;Sim;573809;10;22:14:54;Rota;01;VUC;SHB4B71;;000000000053;Fixa;PC financeira;16:09;Padrao;55,32;06:53:00;24;53,36;76,22 ;1468;99,92 ;100,00;99,92 ;;;;;;Roterizada;;;RIO LARGO (17) / MACEIO (7);[RIO]: CENTRO (5) / TABULEIRO DO PINTO CRUZEIRO DO SUL (3) / MATA DO ROLO (2) / CONJUNTO JARBAS OITICICA (2) / ANTONIO LINS (1) / PREF. ANTONIO LINS DE SOUZA (1) / PREF ANTONIO LINS (1) / VILA DESTILARIA (1) / TEOTONIO VILELA (1) / [MAC]: CIDADE UNIVERSITARIA (7);0047630/0046305/0042098/0049405/0047318/0020066/0035504/0034541/0031187/0044399/0043063/0045475/0040355/0034818/0050055/0048283/0046434/0049862/0037341/0049512/0032399/0049969/0049448/0049484;;
141 ;CDD MACEIO;10;HORIZONTE EXPRESS TRANSPORTES LTDA;08/09/2026;Sim;573829;11;19:01:03;AS;01;Truck;MUZ4C85;;000000000041;Freteiro;PC financeira;05:16;Padrao;282,86;27:21:00;2;491,50;97,51 ;14017;95,35 ;100,00;97,51 ;;;;;;Roterizada;Tempo;;ARAPIRACA (1) / MACEIO (1);[ARA]: CENTRO (1) / [MAC]: PONTA VERDE (1);0029537/0030390;;
141 ;CDD MACEIO;10;HORIZONTE EXPRESS TRANSPORTES LTDA;08/09/2026;Sim;573830;11;19:01:34;AS;01;Carreta;RZT1A40;;000000000100;Fixa;PC financeira;19:06;Padrao;38,65;11:47:00;2;476,40;81,02 ;13354;78,18 ;100,00;81,02 ;;;;;;Roterizada;Tempo;;MACEIO (2);[MAC]: JATIUCA (1) / PONTA VERDE (1);0033409/0047785;;
141 ;CDD MACEIO;10;HORIZONTE EXPRESS TRANSPORTES LTDA;08/09/2026;Sim;573832;10;19:02:35;Rota;01;VUC;PDB0903;;000000000034;Fixa;PC financeira;18:10;Noturno;69,61;09:08:00;11;179,52;71,23 ;4766;63,21 ;100,00;71,23 ;;;;;;Roterizada;;;MACEIO (10) / RIO LARGO (1);[MAC]: BENESITO BENTES II (4) / JATIUCA (1) / PAJUCARA (1) / POCO (1) / TABULEIRO DO MARTINS (1) / CIDADE UNIVERSITARIA (1) / BENEDITO BENTES (1) / [RIO]: PREFEITO ANTONIO LINS DE SOUZA - TAB.DO PINTO (1);0039694/0043561/0030476/0031179/0032261/0050075/0039009/0035759/0078834/0034699/0036663;;
141 ;CDD MACEIO;10;HORIZONTE EXPRESS TRANSPORTES LTDA;08/09/2026;Sim;573833;10;19:03:08;Rota;01;VUC;PDB3703;;000000000044;Fixa;PC financeira;19:22;Padrao;43,13;08:27:00;15;234,62;93,10 ;6432;85,31 ;100,00;93,10 ;;;;;;Roterizada;;;MACEIO (15);[MAC]: LEVADA (5) / PONTA GROSSA (5) / FAROL (3) / GRUTA DE LOURDES (1) / TRAPICHE DA BARRA (1);0023738/0014428/0016402/0034792/0046498/0047054/0037086/0034778/0029800/0099950/0045300/0044400/0048418/0031617/0078402;;
141 ;CDD MACEIO;10;HORIZONTE EXPRESS TRANSPORTES LTDA;08/09/2026;Sim;573834;10;19:03:40;Rota;01;VUC;PDB4223;;000000000132;Fixa;PC financeira;16:55;Padrao;83,80;08:45:00;18;175,39;69,59 ;4752;63,02 ;100,00;69,59 ;;;;;;Roterizada;;;MACEIO (9) / PARIPUEIRA (9);[MAC]: RIACHO DOCE (5) / IPIOCA (2) / CRUZ DAS ALMAS (1) / MIRANTE DA SEREIA (1) / [PAR]: CENTRO (9);0048248/0011339/0031308/0036662/0047793/0038345/0028671/0031889/0045844/0047959/0046843/0024637/0030100/0044763/0045737/0047680/0043660/0049134;;
141 ;CDD MACEIO;10;HORIZONTE EXPRESS TRANSPORTES LTDA;08/09/2026;Sim;573835;10;19:04:13;Rota;01;VUC;QYO8B65;;000000000016;Fixa;PC financeira;17:50;Padrao;49,51;07:31:00;22;248,26;98,51 ;6494;69,68 ;90,20 ;88,85 ;;;;;;Roterizada;;;RIO LARGO (22);[RIO]: CENTRO (11) / CONJUNTO MUTIRAO (5) / CENTRO (1) / ALTO SAO MIGUEL (1) / CONJUNTO MULTIRAO (1) / VILA MINHA ALDEIA (1) / DA PAZ (1) / TABULEIRO DO PINTO CRUZEIRO DO SUL (1);0043036/0043426/0048929/0047293/0029584/0049409/0049441/0044036/0036154/0044089/0042882/0034722/0043223/0035202/0029440/0043921/0044515/0043447/0023026/0038878/0049013/0049148;;
141 ;CDD MACEIO;10;HORIZONTE EXPRESS TRANSPORTES LTDA;08/09/2026;Sim;573836;10;19:04:45;Rota;01;Truck;QYD4490;;000000000201;Fixa;PC financeira;20:32;Padrao;50,51;09:17:00;18;252,50;60,11 ;6954;55,28 ;100,00;60,11 ;;;;;;Roterizada;;;RIO LARGO (14) / MACEIO (4);[RIO]: TABULEIRO DO PINTO (7) / CENTRO (1) / PREFEITO ANTONIO LINS DE SOUZA (1) / PREF ANTONIO L SOUZA (1) / PREF ANTONIO LINS (1) / PREF ANTONIO LINS DE SOUZA (1) / PREFEITO ANTONIO L SOUZA (1) / PREFEITO ANTONIO L DE SOUZA (1) / [MAC]: SANTOS DUMONT (4);0031236/0045718/0040032/0040215/0041835/0044837/0036816/0028439/0049840/0037883/0077125/0032848/0037144/0078070/0036486/0019278/0036557/0033547;;
141 ;CDD MACEIO;10;HORIZONTE EXPRESS TRANSPORTES LTDA;08/09/2026;Sim;573837;10;19:05:17;Rota;01;Truck;UHJ6F39;;000000000296;Fixa;PC financeira;17:49;Padrao;35,31;09:15:00;24;228,11;54,31 ;5889;46,81 ;100,00;54,31 ;;;;;;Roterizada;;;MACEIO (24);[MAC]: CLIMA BOM (10) / TABULEIRO DO MARTINS (8) / SANTOS DUMONT (5) / PETROPOLIS (1);0035717/0047224/0033850/0035096/0048567/0037723/0040199/0043897/0041256/0036006/0035667/0037939/0037012/0039234/0047190/0029868/0047667/0039707/0040556/0045704/0016067/0025826/0049628/0028006;;
141 ;CDD MACEIO;10;HORIZONTE EXPRESS TRANSPORTES LTDA;08/09/2026;Sim;573838;10;19:05:50;Rota;01;VUC;QYQ0H78;;000000000262;Fixa;PC financeira;17:52;Padrao;43,24;09:09:00;16;236,75;93,94 ;6080;81,06 ;100,00;93,94 ;;;;;;Roterizada;;;MACEIO (16);[MAC]: PAJUCARA (7) / PONTA DA TERRA (4) / POCO (3) / JARAGUA (1) / JATIUCA (1);0020507/0021348/0046198/0012395/0018789/0035141/0038738/0046624/0040581/0050336/0049502/0039622/0049734/0026129/0078569/0049941;;
141 ;CDD MACEIO;10;HORIZONTE EXPRESS TRANSPORTES LTDA;08/09/2026;Sim;573839;10;19:06:22;Rota;01;VUC;RUY0H69;;000000000356;Fixa;PC financeira;17:37;Padrao;45,65;07:00:00;25;52,51;75,01 ;1428;97,94 ;100,00;97,94 ;;;;;;Roterizada;;;MACEIO (25);[MAC]: JACINTINHO (7) / POCO (6) / PAJUCARA (5) / PONTA DA TERRA (3) / FEITOSA (2) / CENTRO (1) / PONTA VERDE (1);0038038/0041541/0046333/0043025/0099906/0048855/0044675/0049068/0047370/0050526/0015448/0034315/0042102/0025783/0047369/0034199/0033449/0077298/0029352/0031572/0047321/0044468/0076958/0032103/0011715;;
141 ;CDD MACEIO;10;HORIZONTE EXPRESS TRANSPORTES LTDA;08/09/2026;Sim;573840;10;19:06:56;Rota;01;Truck;QYD4420;;000000000042;Fixa;PC financeira;19:46;Padrao;36,89;09:04:00;24;236,68;56,35 ;6637;52,76 ;100,00;56,35 ;;;;;;Roterizada;;;MACEIO (24);[MAC]: BENESITO BENTES II (15) / ANTARES (5) / CENTRO (1) / JACARECICA (1) / TABULEIRO DO MARTINS (1) / CIDADE UNIVERSITARIA (1);0050514/0050256/0038233/0029071/0046961/0022543/0037680/0045487/0044066/0030421/0030739/0026142/0031612/0045086/0040239/0036236/0049383/0043537/0045589/0044933/0047782/0050209/0034877/0048194;;
141 ;CDD MACEIO;10;HORIZONTE EXPRESS TRANSPORTES LTDA;08/09/2026;Sim;573841;10;19:07:29;Rota;01;Toco;PCA8H54;;000000000004;Fixa;PC financeira;18:28;Padrao;25,90;09:12:00;28;148,62;39,31 ;4061;32,28 ;100,00;39,31 ;;;;;;Roterizada;;;MACEIO (28);[MAC]: CIDADE UNIVERSITARIA (24) / VILLAGE CAMPESTRE (2) / SANTOS DUMONT (1) / CENTRO (1);0076363/0049353/0035551/0048608/0044469/0028048/0034533/0046957/0021421/0031134/0030297/0045696/0039178/0031124/0047703/0048556/0044081/0046982/0047311/0045771/0048186/0015764/0045056/0076421/0025913/0049351/0029092/0044153;;
141 ;CDD MACEIO;10;HORIZONTE EXPRESS TRANSPORTES LTDA;08/09/2026;Sim;573842;10;19:08:02;Rota;01;VUC;PDB3873;;000000000030;Fixa;PC financeira;14:55;Padrao;41,68;07:08:00;7;216,44;85,88 ;5391;71,50 ;85,60 ;73,51 ;;;;;;Roterizada;;;MACEIO (7);[MAC]: PONTA VERDE (5) / JATIUCA (1) / PAJUCARA (1);0048410/0013399/0031604/0043772/0037238/0025727/0048560;;
141 ;CDD MACEIO;10;HORIZONTE EXPRESS TRANSPORTES LTDA;08/09/2026;Sim;573843;10;19:08:37;Rota;01;VUC;SHB4B71;;000000000053;Fixa;PC financeira;15:58;Padrao;35,08;06:48:00;25;54,62;78,02 ;1465;99,65 ;100,00;99,65 ;;;;;;Roterizada;;;MACEIO (25);[MAC]: CIDADE UNIVERSITARIA (20) / TABULEIRO DO MARTINS (3) / BENESITO BENTES II (2);0046248/0020855/0036666/0043869/0036583/0049332/0041781/0025287/0033706/0028787/0039136/0029180/0028920/0076434/0021336/0030729/0042927/0045175/0047508/0046565/0044161/0039193/0035721/0038231/0078691;;
141 ;CDD MACEIO;10;HORIZONTE EXPRESS TRANSPORTES LTDA;08/09/2026;Sim;573844;10;19:09:09;Rota;01;Truck;QYD5790;;000000000362;Fixa;PC financeira;16:16;Rota Gradativa ;31,75;06:31:00;8;165,39;39,37 ;4533;36,03 ;78,20 ;30,78 ;;;;;;Roterizada;;;MACEIO (8);[MAC]: CIDADE UNIVERSITARIA (3) / SERRARIA (2) / BENESITO BENTES II (1) / GRUTA DE LOURDES (1) / TABULEIRO DO MARTINS (1);0040166/0038569/0050058/0048672/0031382/0043501/0049159/0035425;;
141 ;CDD MACEIO;10;HORIZONTE EXPRESS TRANSPORTES LTDA;08/09/2026;Sim;573845;10;19:09:43;Rota;01;VUC;PDB2683;;000000000363;Fixa;PC financeira;18:58;Padrao;35,15;08:13:00;7;248,22;98,50 ;6779;89,91 ;98,60 ;97,12 ;;;;;;Roterizada;;;MACEIO (7);[MAC]: JATIUCA (7);0043021/0041849/0050146/0078381/0026038/0046791/0048924;;
141 ;CDD MACEIO;10;HORIZONTE EXPRESS TRANSPORTES LTDA;08/09/2026;Sim;573846;10;19:10:17;Rota;01;VUC;OHF9C94;;000000000045;Freteiro;PC financeira;15:27;Padrao;49,57;06:30:00;17;52,75;75,35 ;1452;94,95 ;100,00;94,95 ;;;;;;Roterizada;;;MACEIO (17);[MAC]: FEITOSA (4) / GRUTA DE LOURDES (4) / JACINTINHO (2) / PITANGUINHA (2) / CHA DA JAQUEIRA (1) / TABULEIRO DO MARTINS (1) / SAO JORGE (1) / PETROPOLIS (1) / CLIMA BOM (1);0036728/0035501/0037544/0076382/0044119/0076037/0050383/0049745/0047331/0038097/0047863/0049122/0024474/0023740/0049343/0039085/0044791;;
141 ;CDD MACEIO;10;HORIZONTE EXPRESS TRANSPORTES LTDA;08/09/2026;Sim;573847;10;19:10:52;Rota;01;VUC;PDB2783;;000000000061;Fixa;PC financeira;18:38;Padrao;39,12;08:58:00;17;234,56;93,07 ;6395;84,81 ;100,00;93,07 ;;;;;;Roterizada;;;MACEIO (17);[MAC]: JACINTINHO (13) / FEITOSA (2) / FAROL (1) / PITANGUINHA (1);0037332/0045633/0043067/0048411/0049494/0046268/0050289/0026154/0043762/0037929/0033981/0076946/0038877/0032443/0036880/0041111/0034183;;
141 ;CDD MACEIO;10;HORIZONTE EXPRESS TRANSPORTES LTDA;08/09/2026;Sim;573848;10;19:11:27;Rota;01;Truck;QYD5420;;000000000800;Fixa;PC financeira;17:38;Padrao;6,31;04:26:00;1;340,20;81,00 ;10449;83,06 ;53,20 ;44,18 ;;;;;;Roterizada;;;MACEIO (1);[MAC]: CIDADE UNIVERSITARIA (1);0038866;;
141 ;CDD MACEIO;10;HORIZONTE EXPRESS TRANSPORTES LTDA;08/09/2026;Sim;573849;10;19:12:02;Rota;01;VUC;PDB3663;;000000000242;Fixa;PC financeira;18:21;Padrao;36,61;07:01:00;3;244,94;97,19 ;6238;82,73 ;84,20 ;81,83 ;;;;;;Roterizada;;;MACEIO (3);[MAC]: CRUZ DAS ALMAS (1) / FEITOSA (1) / JATIUCA (1);0026603/0042984/0049473;;
141 ;CDD MACEIO;10;HORIZONTE EXPRESS TRANSPORTES LTDA;08/09/2026;Sim;573850;10;19:12:37;Rota;01;VUC;PDB3I13;;000000000017;Fixa;PC financeira;16:50;Padrao;35,87;07:59:00;3;230,89;91,62 ;6395;84,82 ;95,80 ;87,77 ;;;;;;Roterizada;;;MACEIO (3);[MAC]: PONTA VERDE (2) / JATIUCA (1);0013227/0035865/0078350;;
141 ;CDD MACEIO;10;HORIZONTE EXPRESS TRANSPORTES LTDA;08/09/2026;Sim;573851;10;19:13:12;Rota;01;VUC;RUY0H68;;000000000217;Fixa;PC financeira;14:56;Padrao;44,73;07:18:00;25;54,18;77,40 ;1447;99,18 ;100,00;99,18 ;;;;;;Roterizada;;;MACEIO (21) / RIO LARGO (4);[MAC]: TABULEIRO DO MARTINS (10) / SANTOS DUMONT (5) / PETROPOLIS (2) / CLIMA BOM (2) / SANTA AMELIA (1) / SANTA LUCIA (1) / [RIO]: CONJUNTO CHICO MENDES (2) / RIO LARGO (1) / CONJUNTO HELIO VASCONCELOS (1);0048110/0045510/0050406/0050493/0028239/0033041/0050044/0078468/0031661/0021983/0045907/0032377/0031169/0042536/0077362/0035058/0048792/0043922/0030457/0044811/0044405/0040182/0042718/0031515/0036206;;
141 ;CDD MACEIO;10;HORIZONTE EXPRESS TRANSPORTES LTDA;08/09/2026;Sim;573852;10;19:13:44;Rota;01;VUC;UHK4I48;;000000000087;Fixa;PC financeira;17:35;Padrao;19,70;06:03:00;1;193,20;76,66 ;5934;78,70 ;72,60 ;57,13 ;;;;;;Roterizada;;;MACEIO (1);[MAC]: PETROPOLIS (1);0025769;;
141 ;CDD MACEIO;10;HORIZONTE EXPRESS TRANSPORTES LTDA;08/09/2026;Sim;573853;10;19:14:18;Rota;01;Truck;HZB8033;;000000008033;Freteiro;PC financeira;15:02;Padrao;12,40;04:43:00;1;350,50;69,54 ;10491;80,57 ;56,60 ;45,60 ;;;;;;Roterizada;;;MACEIO (1);[MAC]: SANTA LUCIA (1);0045109;;
141 ;CDD MACEIO;10;HORIZONTE EXPRESS TRANSPORTES LTDA;08/09/2026;Sim;573854;10;19:14:52;Rota;01;VUC;PDB1563;;000000000224;Fixa;PC financeira;18:53;Padrao;40,62;08:44:00;11;233,70;92,73 ;6056;80,32 ;100,00;92,73 ;;;;;;Roterizada;;;MACEIO (11);[MAC]: JATIUCA (5) / CENTRO (1) / CRUZ DAS ALMAS (1) / JACINTINHO (1) / MANGABEIRAS (1) / PONTA VERDE (1) / SAO JORGE (1);0041302/0041856/0028377/0046059/0043378/0045536/0043693/0045062/0018408/0011665/0040019;;
141 ;CDD MACEIO;10;HORIZONTE EXPRESS TRANSPORTES LTDA;08/09/2026;Sim;573855;10;19:15:25;Rota;01;VUC;RUY0H66;;000000000355;Fixa;PC financeira;19:14;Padrao;67,09;08:38:00;32;53,17;75,95 ;1447;99,22 ;100,00;99,22 ;;;;;;Roterizada;;;MACEIO (32);[MAC]: JATIUCA (4) / PONTA GROSSA (4) / PONTA VERDE (4) / SANTA LUCIA (4) / CRUZ DAS ALMAS (3) / LEVADA (3) / FAROL (2) / FEITOSA (2) / JACINTINHO (2) / ANTARES (1) / BENESITO BENTES II (1) / TRAPICHE DA BARRA (1) / CIDADE UNIVERSITARIA (1);0041385/0033038/0033835/0033824/0031391/0041366/0037115/0077010/0046055/0044374/0026166/0044844/0035833/0023917/0032558/0012191/0043479/0039467/0077471/0046544/0050121/0037307/0049411/0049401/0049344/0031383/0030402/0050369/0039331/0028633/0046896/0041678;;
141 ;CDD MACEIO;10;HORIZONTE EXPRESS TRANSPORTES LTDA;08/09/2026;Sim;573856;10;19:15:59;Rota;01;Truck;QYD5300;;000000000350;Fixa;PC financeira;17:45;Padrao;26,77;08:35:00;29;187,48;44,63 ;5024;39,93 ;100,00;44,63 ;;;;;;Roterizada;;;MACEIO (29);[MAC]: TABULEIRO DO MARTINS (13) / SANTA LUCIA (11) / ANTARES (2) / CENTRO (2) / TABULEIRO DOS MARTINS (1);0034494/0045985/0031022/0039840/0033471/0050069/0012020/0046626/0031317/0028398/0049303/0039869/0048161/0044269/0029448/0033941/0028411/0035549/0038116/0039166/0015235/0042635/0036977/0028359/0041658/0042929/0043527/0041524/0078340;;
141 ;CDD MACEIO;10;HORIZONTE EXPRESS TRANSPORTES LTDA;08/09/2026;Sim;573857;10;19:16:32;Rota;01;VUC;QYO8A15;;000000000358;Fixa;PC financeira;17:41;Padrao;45,17;09:12:00;17;178,48;70,82 ;4940;65,52 ;100,00;70,82 ;;;;;;Roterizada;;;MACEIO (17);[MAC]: GRUTA DE LOURDES (10) / PETROPOLIS (3) / CHA DA JAQUEIRA (2) / FEITOSA (1) / SANTO AMARO (1);0046618/0017113/0034433/0042565/0036884/0020670/0031099/0033529/0076209/0047713/0035915/0011158/0048327/0050453/0037138/0076592/0046424;;
141 ;CDD MACEIO;10;HORIZONTE EXPRESS TRANSPORTES LTDA;08/09/2026;Sim;573858;10;19:17:05;Rota;01;Truck;QYD5670;;000000000005;Fixa;PC financeira;16:26;Rota Gradativa ;16,20;06:48:00;20;195,67;46,58 ;5282;41,98 ;81,60 ;38,00 ;;;;;;Roterizada;;;MACEIO (20);[MAC]: BENESITO BENTES II (19) / CIDADE UNIVERSITARIA (1);0046318/0044338/0035242/0042081/0023921/0034359/0077563/0049757/0032324/0046987/0017709/0046076/0076709/0045788/0023653/0036759/0040669/0047794/0035529/0028175;;
141 ;CDD MACEIO;10;HORIZONTE EXPRESS TRANSPORTES LTDA;08/09/2026;Não;573862;11;00:00:00;AS;01;Truck;HZB8033;;000000008033;Freteiro;PC financeira;17:44;Padrao;0,00;00:00:00;1;121,78;24,16 ;3616;27,77 ;0,00;0,00;;;;;;Roterizada;;;MACEIO (1);[MAC]: JACINTINHO (1);0017450;;
141 ;CDD MACEIO;10;HORIZONTE EXPRESS TRANSPORTES LTDA;08/09/2026;Não;573878;11;00:00:00;AS;01;Carreta;JBS8I06;;000000000268;Fixa;PC financeira;17:21;Padrao;0,00;00:00:00;2;367,75;62,54 ;10332;60,49 ;0,00;0,00;;;;;;Roterizada;;;MACEIO (2);[MAC]: LEVADA (1) / PAJUCARA (1);0019117/0047652;;
141 ;CDD MACEIO;10;HORIZONTE EXPRESS TRANSPORTES LTDA;09/09/2026;Sim;573889;10;19:27:12;Rota;01;VUC;SHB4B71;;000000000053;Fixa;PC financeira;19:23;Padrao;58,19;07:44:00;21;54,99;78,55 ;1466;99,73 ;100,00;99,73 ;;;;;;Roterizada;;;MACEIO (20) / RIO LARGO (1);[MAC]: CIDADE UNIVERSITARIA (11) / BENESITO BENTES II (5) / CLIMA BOM (2) / SANTA LUCIA (1) / VILLAGE CAMPESTRE (1) / [RIO]: TABULEIRO DO PINTO (1);0039750/0036948/0040059/0050263/0033658/0050365/0046169/0040916/0049177/0021515/0050142/0046515/0048300/0029048/0039675/0031968/0033725/0050390/0033863/0030720/0032806;;
141 ;CDD MACEIO;10;HORIZONTE EXPRESS TRANSPORTES LTDA;09/09/2026;Sim;573890;10;19:27:45;Rota;01;VUC;RUY0H69;;000000000034;Fixa;PC financeira;20:01;Padrao;60,54;07:05:00;19;52,24;74,62 ;1424;97,63 ;100,00;97,63 ;;;;;;Roterizada;;;MACEIO (19);[MAC]: JACINTINHO (4) / PAJUCARA (3) / FEITOSA (2) / GRUTA DE LOURDES (2) / SERRARIA (2) / BARRO DURO (1) / CENTRO (1) / JARAGUA (1) / JATIUCA (1) / OURO PRETO (1) / PONTA DA TERRA (1);0048109/0049298/0033888/0024412/0038271/0045484/0046657/0039006/0050287/0032418/0046950/0029378/0040606/0050011/0048455/0077612/0047916/0033268/0046520;;
141 ;CDD MACEIO;10;HORIZONTE EXPRESS TRANSPORTES LTDA;09/09/2026;Sim;573891;10;19:28:19;Rota;01;VUC;QYO8B65;;000000000016;Fixa;PC financeira;19:50;Padrao;49,36;08:36:00;24;251,26;99,70 ;6606;70,88 ;100,00;99,70 ;;;;;;Roterizada;;;RIO LARGO (24);[RIO]: CENTRO (12) / CONJUNTO MUTIRAO (4) / VILA SAO LOURENCO (4) / LOURENCO ALBUQUERQUE (2) / LOURENCO (1) / AMARAL RIBEIRO (1);0078407/0046610/0038527/0047421/0042773/0034162/0045623/0042598/0044842/0022966/0049187/0045620/0076992/0040486/0047754/0039406/0040303/0043463/0047718/0047237/0048623/0030105/0040360/0050384;;
141 ;CDD MACEIO;10;HORIZONTE EXPRESS TRANSPORTES LTDA;09/09/2026;Sim;573892;10;19:28:53;Rota;01;VUC;PDB2683;;000000000257;Fixa;PC financeira;18:49;Padrao;38,44;09:00:00;16;248,21;98,49 ;6769;89,78 ;100,00;98,49 ;;;;;;Roterizada;;;MACEIO (16);[MAC]: LEVADA (11) / BOM PARTO (4) / PONTA GROSSA (1);0042129/0077584/0026323/0037846/0036637/0017760/0038264/0023882/0047054/0036725/0031396/0014166/0015544/0037780/0029409/0038432;;
141 ;CDD MACEIO;10;HORIZONTE EXPRESS TRANSPORTES LTDA;09/09/2026;Sim;573893;10;19:29:26;Rota;01;VUC;PDB0903;;000000000272;Fixa;PC financeira;20:34;Noturno;42,07;08:45:00;17;201,34;79,89 ;5206;69,04 ;100,00;79,89 ;;;;;;Roterizada;;;MACEIO (17);[MAC]: SERRARIA (4) / TABULEIRO DO MARTINS (4) / SANTA LUCIA (2) / ANTARES (1) / BARRO DURO (1) / CANAA (1) / FEITOSA (1) / GRUTA DE LOURDES (1) / PETROPOLIS (1) / CIDADE UNIVERSITARIA (1);0045568/0035507/0047267/0046673/0041787/0076415/0047149/0078076/0036001/0043668/0015790/0029108/0076689/0025510/0049677/0046283/0045455;;
141 ;CDD MACEIO;10;HORIZONTE EXPRESS TRANSPORTES LTDA;09/09/2026;Sim;573894;10;19:30:00;Rota;01;VUC;RUY0H68;;000000000356;Fixa;PC financeira;17:26;Padrao;56,17;07:53:00;20;56,55;80,78 ;1432;98,20 ;100,00;98,20 ;;;;;;Roterizada;;;MACEIO (20);[MAC]: TABULEIRO DO MARTINS (6) / CLIMA BOM (5) / SANTA LUCIA (4) / SANTOS DUMONT (3) / PETROPOLIS (1) / CIDADE UNIVERSITARIA (1);0049423/0027628/0047611/0011462/0034921/0035160/0050144/0046193/0028850/0030896/0036201/0045151/0032776/0045681/0038806/0020097/0045384/0029428/0012511/0034548;;
141 ;CDD MACEIO;10;HORIZONTE EXPRESS TRANSPORTES LTDA;09/09/2026;Sim;573895;10;19:30:33;Rota;01;VUC;CYN7662;;000000000171;Freteiro;PC financeira;19:04;Padrao;30,66;06:09:00;16;131,68;94,05 ;3786;99,63 ;100,00;99,63 ;;;;;;Roterizada;;;MACEIO (16);[MAC]: CIDADE UNIVERSITARIA (9) / BENESITO BENTES II (7);0076427/0042075/0049050/0046245/0050274/0042285/0029177/0034161/0050206/0050105/0026859/0048162/0045432/0036954/0041375/0050391;;
141 ;CDD MACEIO;10;HORIZONTE EXPRESS TRANSPORTES LTDA;09/09/2026;Sim;573896;10;19:31:08;Rota;01;Truck;QYD5670;;000000000362;Fixa;PC financeira;18:53;Rota Gradativa ;15,68;06:43:00;11;214,97;51,18 ;5608;44,58 ;80,60 ;41,25 ;;;;;;Roterizada;;;MACEIO (11);[MAC]: BENESITO BENTES II (7) / TABULEIRO DO MARTINS (2) / ANTARES (1) / SERRARIA (1);0045619/0076152/0048636/0020658/0046154/0033538/0032403/0016925/0035728/0041920/0035227;;
141 ;CDD MACEIO;10;HORIZONTE EXPRESS TRANSPORTES LTDA;09/09/2026;Sim;573897;10;19:31:41;Rota;01;Toco;PCA8H54;;000000000004;Fixa;PC financeira;19:26;Padrao;38,08;08:48:00;20;208,94;55,27 ;5612;44,61 ;100,00;55,27 ;;;;;;Roterizada;;;MACEIO (16) / RIO LARGO (4);[MAC]: CIDADE UNIVERSITARIA (16) / [RIO]: TABULEIRO DO PINTO (3) / PARQUE SANTA TEREZA (1);0035067/0037304/0049274/0046728/0023219/0044137/0023038/0077290/0049825/0077400/0045689/0029627/0046330/0047921/0050160/0044815/0035192/0035433/0024261/0077858;;
141 ;CDD MACEIO;10;HORIZONTE EXPRESS TRANSPORTES LTDA;09/09/2026;Sim;573898;10;19:32:15;Rota;01;VUC;RUY0H66;;000000000355;Fixa;PC financeira;17:37;Padrao;58,44;06:26:00;19;53,02;75,74 ;1449;99,32 ;100,00;99,32 ;;;;;;Roterizada;;;MACEIO (19);[MAC]: BOM PARTO (4) / PONTA GROSSA (4) / PRADO (3) / FAROL (2) / JACINTINHO (2) / LEVADA (2) / POCO (1) / PONTA VERDE (1);0035262/0077417/0038201/0046258/0024681/0041016/0037602/0034236/0077582/0039767/0029891/0078664/0034126/0010135/0050106/0045347/0012488/0038801/0029237;;
141 ;CDD MACEIO;10;HORIZONTE EXPRESS TRANSPORTES LTDA;09/09/2026;Sim;573899;10;19:32:48;Rota;01;Truck;QYD5300;;000000000350;Fixa;PC financeira;19:13;Padrao;24,82;08:40:00;16;248,51;59,16 ;6980;55,49 ;100,00;59,16 ;;;;;;Roterizada;;;MACEIO (16);[MAC]: TABULEIRO DO MARTINS (8) / SANTA LUCIA (6) / BEBEDOURO (1) / TABULEIRO DOS MARTINS (1);0047687/0042695/0049761/0047078/0049127/0032016/0018194/0037754/0036087/0029144/0045072/0047353/0043896/0045607/0042983/0049498;;
141 ;CDD MACEIO;10;HORIZONTE EXPRESS TRANSPORTES LTDA;09/09/2026;Sim;573900;10;19:33:22;Rota;01;VUC;PDB3I13;;000000000042;Fixa;PC financeira;15:08;Padrao;45,63;08:56:00;16;202,50;80,35 ;5677;75,29 ;100,00;80,35 ;;;;;;Roterizada;;;MACEIO (16);[MAC]: PRADO (8) / LEVADA (2) / PONTA GROSSA (2) / VERGEL DO LAGO (2) / CENTRO (1) / INOCOP (1);0010853/0035911/0038713/0032589/0023988/0020328/0027092/0046579/0041675/0036869/0032340/0040181/0045774/0050021/0037696/0047175;;
141 ;CDD MACEIO;10;HORIZONTE EXPRESS TRANSPORTES LTDA;09/09/2026;Sim;573901;10;19:33:55;Rota;01;VUC;QYO8A15;;000000000358;Fixa;PC financeira;17:51;Padrao;40,01;08:00:00;9;248,73;98,70 ;5981;79,33 ;96,00 ;94,75 ;;;;;;Roterizada;;;MACEIO (9);[MAC]: PONTA VERDE (4) / PAJUCARA (2) / PONTA DA TERRA (2) / POCO (1);0034712/0049052/0050336/0046624/0049562/0013399/0014588/0048334/0025533;;
141 ;CDD MACEIO;10;HORIZONTE EXPRESS TRANSPORTES LTDA;09/09/2026;Sim;573902;10;19:34:28;Rota;01;VUC;PDB1563;;000000000017;Fixa;PC financeira;14:33;Padrao;38,64;08:25:00;8;246,19;97,69 ;6461;85,69 ;100,00;97,69 ;;;;;;Roterizada;;;MACEIO (8);[MAC]: JATIUCA (8);0039168/0034209/0041991/0049404/0041849/0041600/0020525/0019905;;
141 ;CDD MACEIO;10;HORIZONTE EXPRESS TRANSPORTES LTDA;09/09/2026;Sim;573903;10;19:35:02;Rota;01;Truck;QYD5790;;000000000298;Fixa;PC financeira;17:24;Rota Gradativa ;25,23;06:48:00;20;173,19;41,23 ;4754;37,79 ;81,60 ;33,64 ;;;;;;Roterizada;;;MACEIO (20);[MAC]: BENESITO BENTES II (17) / JACARECICA (2) / BENEDITO BENTES (1);0042561/0049540/0049532/0041694/0033297/0033842/0042379/0045193/0039333/0050303/0032029/0046621/0047144/0046961/0047787/0049262/0025949/0041797/0076284/0044833;;
141 ;CDD MACEIO;10;HORIZONTE EXPRESS TRANSPORTES LTDA;09/09/2026;Sim;573904;10;19:35:35;Rota;01;Truck;QYD4490;;000000000201;Fixa;PC financeira;19:20;Padrao;19,20;08:45:00;25;228,89;54,49 ;6224;49,48 ;100,00;54,49 ;;;;;;Roterizada;;;MACEIO (25);[MAC]: CIDADE UNIVERSITARIA (14) / BENESITO BENTES II (7) / TABULEIRO DOS MARTINS (2) / FAROL (1) / TABULEIRO DO MARTINS (1);0025318/0040184/0049958/0039662/0038789/0031588/0023443/0027421/0041255/0032296/0030689/0048452/0019242/0030081/0032756/0038706/0032753/0049060/0034926/0022866/0039051/0033100/0023934/0020010/0036759;;
141 ;CDD MACEIO;10;HORIZONTE EXPRESS TRANSPORTES LTDA;09/09/2026;Sim;573905;10;19:36:08;Rota;01;Truck;DOT6640;;000000000043;Fixa;PC financeira;17:32;Padrao;36,76;09:10:00;16;199,94;47,60 ;5553;44,57 ;100,00;47,60 ;;;;;;Roterizada;;;MACEIO (16);[MAC]: SANTA LUCIA (5) / PETROPOLIS (4) / CHA DA JAQUEIRA (2) / SANTA AMELIA (2) / CLIMA BOM (2) / JARDIM PETROPOLIS (1);0036242/0040224/0034713/0017463/0048415/0031828/0045918/0033531/0042837/0036680/0076192/0030902/0021381/0017200/0042352/0032032;;
141 ;CDD MACEIO;10;HORIZONTE EXPRESS TRANSPORTES LTDA;09/09/2026;Sim;573906;10;19:36:41;Rota;01;VUC;OHF9C94;;000000000045;Freteiro;PC financeira;17:27;Padrao;46,41;04:29:00;11;53,95;77,07 ;1456;95,18 ;100,00;95,18 ;;;;;;Roterizada;;;MACEIO (11);[MAC]: JATIUCA (3) / FEITOSA (2) / POCO (2) / SERRARIA (2) / GRUTA DE LOURDES (1) / OURO PRETO (1);0047344/0029371/0078622/0035752/0048597/0050423/0078611/0027904/0044012/0048492/0037978;;
141 ;CDD MACEIO;10;HORIZONTE EXPRESS TRANSPORTES LTDA;09/09/2026;Sim;573907;10;19:37:14;Rota;01;VUC;PDB4223;;000000000132;Fixa;PC financeira;17:59;Padrao;77,64;08:58:00;14;215,42;85,48 ;5641;74,82 ;100,00;85,48 ;;;;;;Roterizada;;;PARIPUEIRA (10) / MACEIO (4);[PAR]: CENTRO (9) / LOTEAMENTO SOL DE VERAO (1) / [MAC]: IPIOCA (4);0039650/0037732/0044912/0037638/0046086/0036802/0042348/0042931/0050381/0029649/0042120/0034532/0048040/0037738;;
141 ;CDD MACEIO;10;HORIZONTE EXPRESS TRANSPORTES LTDA;09/09/2026;Sim;573908;10;19:37:47;Rota;01;Truck;QYD6020;;000000000106;Fixa;PC financeira;18:56;Padrao;36,55;08:52:00;18;231,97;55,23 ;6554;52,10 ;100,00;55,23 ;;;;;;Roterizada;;;MACEIO (18);[MAC]: CLIMA BOM (14) / SANTOS DUMONT (2) / RIO NOVO (1) / MACEIO (1);0050197/0029753/0041405/0041467/0078755/0037939/0039510/0078842/0077168/0047567/0040160/0043945/0042322/0045243/0034720/0078547/0076084/0034278;;
141 ;CDD MACEIO;10;HORIZONTE EXPRESS TRANSPORTES LTDA;09/09/2026;Sim;573909;10;19:38:19;Rota;01;VUC;PDB2573;;000000000224;Fixa;PC financeira;13:52;Padrao;51,15;09:04:00;14;251,05;99,62 ;6787;90,02 ;100,00;99,62 ;;;;;;Roterizada;;;MACEIO (14);[MAC]: IPIOCA (6) / RIACHO DOCE (5) / GARCA TORTA (2) / PESCARIA (1);0033907/0043929/0023013/0032140/0043842/0033295/0046800/0040426/0048919/0048104/0045035/0036165/0031359/0032559;;
141 ;CDD MACEIO;10;HORIZONTE EXPRESS TRANSPORTES LTDA;09/09/2026;Sim;573910;10;19:38:50;Rota;01;VUC;PDB2833;;000000000359;Fixa;PC financeira;18:39;Padrao;39,23;09:07:00;14;230,93;91,63 ;5445;72,22 ;100,00;91,63 ;;;;;;Roterizada;;;MACEIO (14);[MAC]: MANGABEIRAS (8) / JATIUCA (5) / PONTA VERDE (1);0032849/0046474/0047591/0010263/0034222/0050233/0026372/0045400/0015278/0046819/0045841/0010227/0040508/0011621;;
141 ;CDD MACEIO;10;HORIZONTE EXPRESS TRANSPORTES LTDA;09/09/2026;Sim;573911;10;19:39:22;Rota;01;Truck;QYD5580;;000000000362;Fixa;PC financeira;21:17;Padrao;26,52;09:00:00;3;389,49;92,73 ;10368;82,42 ;100,00;92,73 ;;;;;;Roterizada;;;MACEIO (3);[MAC]: ANTARES (1) / GRUTA DE LOURDES (1) / CIDADE UNIVERSITARIA (1);0040117/0039330/0030767;;
141 ;CDD MACEIO;10;HORIZONTE EXPRESS TRANSPORTES LTDA;09/09/2026;Sim;573912;10;19:39:52;Rota;01;VUC;PDB3663;;000000000061;Fixa;PC financeira;18:41;Padrao;38,09;08:11:00;16;251,83;99,93 ;5648;74,90 ;98,20 ;98,13 ;;;;;;Roterizada;;;MACEIO (16);[MAC]: JACINTINHO (12) / CRUZ DAS ALMAS (2) / BARRO DURO (1) / CENTRO (1);0013919/0045616/0076655/0050199/0026100/0047485/0034917/0046389/0049473/0034777/0023210/0030241/0046917/0041299/0023811/0043161;;
141 ;CDD MACEIO;10;HORIZONTE EXPRESS TRANSPORTES LTDA;09/09/2026;Sim;573913;10;19:40:24;Rota;01;VUC;PDB2783;;000000000363;Fixa;PC financeira;17:00;Padrao;41,33;09:09:00;10;208,34;82,67 ;5860;77,72 ;100,00;82,67 ;;;;;;Roterizada;;;MACEIO (10);[MAC]: JACINTINHO (4) / FEITOSA (2) / POCO (2) / BOM PARTO (1) / FAROL (1);0010482/0034034/0033887/0076224/0035918/0010210/0043379/0035397/0036284/0076946;;
141 ;CDD MACEIO;10;HORIZONTE EXPRESS TRANSPORTES LTDA;09/09/2026;Sim;573914;10;19:40:55;Rota;01;VUC;PDB3873;;000000000030;Fixa;PC financeira;19:31;Padrao;44,77;09:14:00;18;208,01;82,54 ;5505;73,01 ;100,00;82,54 ;;;;;;Roterizada;;;MACEIO (18);[MAC]: PAJUCARA (8) / POCO (4) / JARAGUA (3) / JATIUCA (1) / PONTA DA TERRA (1) / PONTA VERDE (1);0031785/0047887/0049734/0043500/0049951/0031864/0035843/0031604/0047479/0034868/0028853/0047146/0048584/0045457/0015545/0042181/0046467/0040769;;
141 ;CDD MACEIO;10;HORIZONTE EXPRESS TRANSPORTES LTDA;09/09/2026;Sim;573915;10;19:41:41;Rota;01;Truck;UHJ6F39;;000000000296;Fixa;PC financeira;18:07;Padrao;41,11;08:57:00;11;238,88;56,87 ;6673;53,04 ;100,00;56,87 ;;;;;;Roterizada;;;RIO LARGO (10) / MACEIO (1);[RIO]: UTINGA (3) / TABULEIRO DO PINTO (2) / CENTRO (1) / BRASIL NOVO (1) / SANTOS DUMONT (1) / CONJUNTO HELIO VASCONCELOS (1) / TABULEIRO DO PINTO FORENE (1) / [MAC]: TABULEIRO DOS MARTINS (1);0050222/0030838/0046148/0035707/0032786/0043282/0033662/0023095/0027295/0029733/0039797;;
141 ;CDD MACEIO;54;Zumpy Mobilidade Urbana Sustentavel Ltda;09/09/2026;Sim;573917;10;19:42:13;Rota;01;VUC;CRW3M01;;000000000312;Fixa;PC financeira;21:48;Padrao;81,02;06:06:00;16;22,61;80,75 ;597;99,53 ;100,00;99,53 ;;;;;;Roterizada;;;MACEIO (11) / PARIPUEIRA (5);[MAC]: BENESITO BENTES II (8) / IPIOCA (2) / JACINTINHO (1) / [PAR]: CENTRO (5);0050298/0047719/0037442/0050079/0048416/0046843/0037556/0045736/0048443/0042606/0078043/0076179/0044830/0047271/0042469/0047055;573916;
141 ;CDD MACEIO;54;Zumpy Mobilidade Urbana Sustentavel Ltda;09/09/2026;Sim;573918;10;19:42:13;Rota;01;VUC;CRW3M02;;000000000312;Fixa;PC financeira;17:42;Padrao;35,37;04:53:00;21;23,63;84,39 ;598;99,71 ;100,00;99,71 ;;;;;;Roterizada;;;MACEIO (21);[MAC]: BENESITO BENTES II (6) / CIDADE UNIVERSITARIA (6) / TABULEIRO DO MARTINS (3) / ANTARES (2) / CENTRO (2) / SANTA LUCIA (2);0048650/0050495/0046239/0039497/0025346/0033526/0076632/0035542/0049226/0047609/0050058/0049275/0034275/0020410/0042933/0035484/0032265/0046029/0048890/0044351/0032238;573916;
141 ;CDD MACEIO;54;Zumpy Mobilidade Urbana Sustentavel Ltda;09/09/2026;Sim;573919;10;19:42:14;Rota;01;VUC;CRW3M03;;000000000046;Fixa;PC financeira;14:09;Padrao;39,73;04:30:00;17;21,71;77,53 ;577;96,26 ;100,00;96,26 ;;;;;;Roterizada;;;MACEIO (14) / RIO LARGO (2) / SATUBA (1);[MAC]: CIDADE UNIVERSITARIA (6) / CLIMA BOM (5) / SANTOS DUMONT (2) / BENESITO BENTES II (1) / [RIO]: CENTRO (1) / CRUZEIRO DO SUL (1) / [SAT]: RECANTO DAS ARVORES (1);0050259/0049754/0034219/0076677/0035710/0076478/0049116/0043833/0028577/0014570/0078252/0040281/0035774/0049752/0047283/0045174/0033688;573916;
141 ;CDD MACEIO;54;Zumpy Mobilidade Urbana Sustentavel Ltda;09/09/2026;Sim;573920;10;19:42:14;Rota;01;VUC;CRW3M04;;000000000319;Fixa;PC financeira;17:41;Padrao;44,73;04:27:00;16;21,05;75,17 ;581;96,93 ;100,00;96,93 ;;;;;;Roterizada;;;MACEIO (16);[MAC]: CLIMA BOM (7) / SANTA LUCIA (3) / GRUTA DE LOURDES (2) / OURO PRETO (2) / FEITOSA (1) / SANTA AMELIA (1);0041481/0044347/0032820/0044520/0031111/0031497/0043230/0048385/0045605/0038060/0049362/0048981/0049550/0034084/0036521/0035469;573916;
141 ;CDD MACEIO;54;Zumpy Mobilidade Urbana Sustentavel Ltda;09/09/2026;Sim;573921;10;19:42:14;Rota;01;VUC;CRW3M05;;000000000241;Fixa;PC financeira;21:02;Padrao;54,20;04:14:00;19;21,57;77,03 ;579;96,57 ;100,00;96,57 ;;;;;;Roterizada;;;MACEIO (19);[MAC]: POCO (4) / BOM PARTO (3) / CENTRO (3) / JACINTINHO (2) / PONTA GROSSA (2) / PRADO (2) / FAROL (1) / LEVADA (1) / TRAPICHE DA BARRA (1);0045461/0037717/0038942/0049768/0017179/0047838/0047963/0046590/0050382/0050068/0026166/0040331/0049758/0033516/0078347/0037919/0026793/0037163/0037014;573916;
141 ;CDD MACEIO;54;Zumpy Mobilidade Urbana Sustentavel Ltda;09/09/2026;Sim;573922;10;19:42:15;Rota;01;VUC;CRW3M06;;000000000024;Fixa;PC financeira;19:45;Padrao;49,48;04:22:00;16;20,88;74,57 ;567;94,63 ;100,00;94,63 ;;;;;;Roterizada;;;MACEIO (16);[MAC]: JACINTINHO (6) / PONTA VERDE (3) / POCO (2) / PONTA DA TERRA (2) / FEITOSA (1) / JATIUCA (1) / PAJUCARA (1);0044453/0050432/0048933/0011701/0046620/0044499/0032766/0022065/0049081/0038349/0050037/0037216/0038811/0036639/0045403/0033400;573916;
141 ;CDD MACEIO;10;HORIZONTE EXPRESS TRANSPORTES LTDA;10/09/2026;Sim;573930;10;20:27:47;Rota;01;VUC;QYO8B65;;000000000192;Fixa;PC financeira;16:33;Padrao;39,30;09:13:00;16;229,81;91,19 ;6165;66,15 ;100,00;91,19 ;;;;;;Roterizada;;;MACEIO (16);[MAC]: FEITOSA (5) / JACINTINHO (5) / JATIUCA (4) / CRUZ DAS ALMAS (2);0046229/0030372/0035927/0045227/0021175/0013883/0036887/0077265/0033125/0050067/0039328/0035015/0044068/0041723/0077912/0034403;;
141 ;CDD MACEIO;10;HORIZONTE EXPRESS TRANSPORTES LTDA;10/09/2026;Sim;573931;10;20:28:19;Rota;01;VUC;PDB0903;;000000000272;Fixa;PC financeira;20:55;Noturno;61,86;09:16:00;11;180,07;71,45 ;4933;65,42 ;100,00;71,45 ;;;;;;Roterizada;;;MACEIO (11);[MAC]: SERRARIA (3) / POCO (2) / BARRO DURO (1) / BEBEDOURO (1) / FAROL (1) / JARAGUA (1) / JATIUCA (1) / CIDADE UNIVERSITARIA (1);0045534/0078135/0030993/0038321/0030798/0012901/0037016/0031726/0045976/0032892/0046030;;
141 ;CDD MACEIO;10;HORIZONTE EXPRESS TRANSPORTES LTDA;10/09/2026;Sim;573932;10;20:28:50;Rota;01;VUC;QYO8A15;;000000000358;Fixa;PC financeira;15:23;Padrao;44,09;09:18:00;18;226,33;89,81 ;5751;76,27 ;100,00;89,81 ;;;;;;Roterizada;;;MACEIO (18);[MAC]: RIACHO DOCE (6) / GUAXUMA (5) / GARCA TORTA (4) / JACARECICA (2) / PESCARIA (1);0077446/0038345/0019330/0038583/0030941/0075994/0043229/0044128/0021432/0049368/0048075/0042913/0048710/0039502/0078829/0029807/0021053/0045988;;
141 ;CDD MACEIO;10;HORIZONTE EXPRESS TRANSPORTES LTDA;10/09/2026;Sim;573933;10;20:29:22;Rota;01;VUC;PDB3663;;000000000061;Fixa;PC financeira;20:17;Padrao;41,13;09:14:00;16;238,43;94,61 ;6324;83,88 ;100,00;94,61 ;;;;;;Roterizada;;;MACEIO (16);[MAC]: JACINTINHO (13) / FEITOSA (2) / FAROL (1);0046826/0045575/0036876/0033571/0047323/0036803/0032103/0038749/0019712/0033770/0045740/0046334/0048735/0077002/0046635/0041617;;
141 ;CDD MACEIO;10;HORIZONTE EXPRESS TRANSPORTES LTDA;10/09/2026;Sim;573934;10;20:29:53;Rota;01;VUC;PDB2023;;000000000363;Fixa;PC financeira;13:18;Padrao;52,34;09:15:00;18;226,40;89,84 ;6102;80,93 ;100,00;89,84 ;;;;;;Roterizada;;;MACEIO (18);[MAC]: TRAPICHE DA BARRA (8) / PONTAL DA BARRA (5) / PRADO (3) / PONTA GROSSA (2);0031573/0048304/0038277/0040398/0047517/0037980/0044974/0040498/0016302/0015245/0020835/0035910/0024006/0015379/0039003/0042072/0041470/0029923;;
141 ;CDD MACEIO;10;HORIZONTE EXPRESS TRANSPORTES LTDA;10/09/2026;Sim;573935;10;20:30:25;Rota;01;Truck;QYD4490;;000000000201;Fixa;PC financeira;18:14;Padrao;48,04;08:59:00;12;350,54;83,46 ;9512;75,61 ;100,00;83,46 ;;;;;;Roterizada;;;RIO LARGO (12);[RIO]: CENTRO (4) / MATA DO ROLO (4) / LOTEAMENTO VILA RICA (2) / CENTRO (1) / TABULEIRO DO PINTO CRUZEIRO DO SUL (1);0043521/0047480/0026692/0025282/0035287/0042627/0018646/0043487/0044257/0046361/0037770/0044217;;
141 ;CDD MACEIO;10;HORIZONTE EXPRESS TRANSPORTES LTDA;10/09/2026;Sim;573936;10;20:30:56;Rota;01;VUC;RUY0H69;;000000000217;Fixa;PC financeira;18:15;Padrao;52,89;08:06:00;28;51,85;74,07 ;1440;98,73 ;100,00;98,73 ;;;;;;Roterizada;;;MACEIO (28);[MAC]: JATIUCA (7) / CRUZ DAS ALMAS (5) / PAJUCARA (5) / PONTA VERDE (3) / BARRO DURO (2) / JACINTINHO (2) / POCO (2) / SERRARIA (2);0019100/0011414/0045501/0078113/0049010/0048914/0047429/0050367/0050166/0048649/0046465/0041213/0039331/0048305/0045451/0034689/0010820/0027801/0037745/0047924/0034358/0033496/0032261/0045881/0045198/0048894/0044548/0040055;;
141 ;CDD MACEIO;10;HORIZONTE EXPRESS TRANSPORTES LTDA;10/09/2026;Sim;573937;10;20:31:28;Rota;01;VUC;PDB4223;;000000000087;Fixa;PC financeira;20:18;Padrao;68,16;08:56:00;19;187,48;74,39 ;5127;68,00 ;100,00;74,39 ;;;;;;Roterizada;;;PARIPUEIRA (12) / MACEIO (6) / BARRA DE SANTO ANTONIO (1);[PAR]: CENTRO (10) / CENTRO (1) / AL101NORTE (1) / [MAC]: IPIOCA (5) / BENESITO BENTES II (1) / [BAR]: CENTRO (1);0041434/0019048/0045844/0048159/0045927/0078148/0077092/0034417/0047959/0042230/0044080/0047298/0019387/0040883/0046086/0048946/0024045/0039407/0044218;;
141 ;CDD MACEIO;10;HORIZONTE EXPRESS TRANSPORTES LTDA;10/09/2026;Sim;573938;10;20:31:59;Rota;01;Truck;QYD5300;;000000000043;Fixa;PC financeira;17:16;Padrao;42,60;09:05:00;23;214,95;51,17 ;5794;46,06 ;100,00;51,17 ;;;;;;Roterizada;;;MACEIO (23);[MAC]: TABULEIRO DO MARTINS (13) / SANTA LUCIA (4) / SERRARIA (3) / TABULEIRO DOS MARTINS (2) / CANAA (1);0046226/0038791/0039083/0033025/0078708/0032677/0029448/0040139/0030953/0034986/0046150/0049505/0032693/0047761/0039968/0032203/0032018/0043470/0039691/0034817/0049600/0029559/0033774;;
141 ;CDD MACEIO;10;HORIZONTE EXPRESS TRANSPORTES LTDA;10/09/2026;Sim;573939;10;20:32:32;Rota;01;VUC;RUY0H68;;000000000356;Fixa;PC financeira;20:06;Padrao;61,17;09:18:00;35;53,29;76,12 ;1449;99,31 ;100,00;99,31 ;;;;;;Roterizada;;;MACEIO (31) / RIO LARGO (3) / SATUBA (1);[MAC]: RIO NOVO (14) / CLIMA BOM (10) / FERNAO VELHO (5) / SANTA LUCIA (1) / MACEIO (1) / [RIO]: TABULEIRO DO PINTO (1) / MATA DO ROLO (1) / PREF ANTONIO (1) / [SAT]: CENTRO (1);0030188/0033298/0018165/0040874/0040136/0078712/0049046/0036185/0076807/0039821/0041586/0050207/0025439/0032919/0076758/0047972/0047170/0042477/0025670/0015432/0048539/0044261/0047201/0033391/0041976/0044803/0046643/0043375/0044794/0025306/0029301/0036451/0077658/0044973/0048039;;
141 ;CDD MACEIO;10;HORIZONTE EXPRESS TRANSPORTES LTDA;10/09/2026;Sim;573940;10;20:33:04;Rota;01;VUC;OHF9C94;;000000000045;Freteiro;PC financeira;20:02;Padrao;56,60;06:43:00;28;56,78;81,11 ;1526;99,75 ;100,00;99,75 ;;;;;;Roterizada;;;MACEIO (28);[MAC]: VERGEL DO LAGO (12) / TRAPICHE DA BARRA (6) / PONTAL DA BARRA (5) / PONTA GROSSA (3) / BOM PARTO (1) / PRADO (1);0039152/0010830/0036679/0013417/0076216/0048713/0033551/0048680/0027793/0049373/0050250/0046710/0028476/0044021/0038200/0032094/0037792/0050059/0078220/0047075/0038168/0042276/0028257/0048837/0044696/0077746/0042218/0036516;;
141 ;CDD MACEIO;10;HORIZONTE EXPRESS TRANSPORTES LTDA;10/09/2026;Sim;573941;10;20:33:36;Rota;01;VUC;RUY0H66;;000000000355;Fixa;PC financeira;17:25;Padrao;54,11;07:04:00;26;54,60;78,00 ;1452;99,54 ;100,00;99,54 ;;;;;;Roterizada;;;MACEIO (26);[MAC]: JACINTINHO (16) / FAROL (3) / SERRARIA (3) / FEITOSA (2) / JACARECICA (2);0046743/0039467/0047683/0018674/0047202/0036548/0011362/0042827/0028705/0031508/0020074/0033879/0010596/0036366/0028041/0039759/0024595/0037332/0033242/0042806/0039789/0045358/0044167/0048943/0047435/0046921;;
141 ;CDD MACEIO;10;HORIZONTE EXPRESS TRANSPORTES LTDA;10/09/2026;Sim;573942;10;20:34:09;Rota;01;VUC;SHB4B71;;000000000053;Fixa;PC financeira;16:51;Padrao;38,53;06:29:00;24;53,91;77,01 ;1467;99,85 ;100,00;99,85 ;;;;;;Roterizada;;;MACEIO (24);[MAC]: CHA DE BEBEDOURO (8) / TABULEIRO DO MARTINS (6) / SANTA AMELIA (3) / CLIMA BOM (3) / BEBEDOURO (1) / CHA DA JAQUEIRA (1) / GRUTA DE LOURDES (1) / PINHEIRO (1);0029895/0016392/0050255/0032671/0012648/0077393/0035503/0030567/0038460/0032800/0027411/0037831/0050126/0048314/0045697/0047681/0033975/0036937/0031197/0049976/0077962/0036730/0035842/0028646;;
141 ;CDD MACEIO;10;HORIZONTE EXPRESS TRANSPORTES LTDA;10/09/2026;Sim;573943;10;20:34:42;Rota;01;Truck;QYD5790;;000000000298;Fixa;PC financeira;16:52;Rota Gradativa ;19,99;07:14:00;20;194,89;46,40 ;5234;41,60 ;86,80 ;40,27 ;;;;;;Roterizada;;;MACEIO (20);[MAC]: BENESITO BENTES II (17) / CIDADE UNIVERSITARIA (2) / BENEDITO BENTES (1);0042064/0047931/0029777/0030436/0039643/0031241/0030487/0016072/0037899/0013288/0023756/0043581/0028563/0046058/0049589/0017651/0014852/0044163/0016594/0049712;;
141 ;CDD MACEIO;10;HORIZONTE EXPRESS TRANSPORTES LTDA;10/09/2026;Sim;573944;10;20:35:15;Rota;01;VUC;PDB2573;;000000000224;Fixa;PC financeira;17:53;Recarga;13,45;02:57:00;1;89,55;35,53 ;2487;32,99 ;35,40 ;12,57 ;;;;;;Roterizada;;;MACEIO (1);[MAC]: ANTARES (1);0038227;;
141 ;CDD MACEIO;10;HORIZONTE EXPRESS TRANSPORTES LTDA;10/09/2026;Sim;573945;10;20:35:48;Rota;01;VUC;PDB2683;;000000000257;Fixa;PC financeira;20:14;Padrao;41,69;09:08:00;10;245,64;97,47 ;6686;88,68 ;100,00;97,47 ;;;;;;Roterizada;;;MACEIO (10);[MAC]: JATIUCA (9) / PINHEIRO (1);0075991/0031416/0020499/0039606/0027920/0029368/0027213/0030004/0033065/0049169;;
141 ;CDD MACEIO;10;HORIZONTE EXPRESS TRANSPORTES LTDA;10/09/2026;Sim;573946;10;20:36:22;Rota;01;VUC;QYQ0H78;;000000000359;Fixa;PC financeira;20:12;Padrao;41,82;08:54:00;9;242,75;96,32 ;6484;86,46 ;100,00;96,32 ;;;;;;Roterizada;;;MACEIO (9);[MAC]: JATIUCA (8) / PONTA VERDE (1);0042533/0012986/0047299/0048900/0023748/0012937/0018796/0078381/0034708;;
141 ;CDD MACEIO;10;HORIZONTE EXPRESS TRANSPORTES LTDA;10/09/2026;Sim;573947;10;20:36:56;Rota;01;Truck;QYD6020;;000000000016;Fixa;PC financeira;17:22;Padrao;49,53;08:39:00;18;273,02;65,00 ;7187;57,13 ;100,00;65,00 ;;;;;;Roterizada;;;RIO LARGO (18);[RIO]: CENTRO (6) / MATA DO ROLO (6) / ANTONIO LINS (2) / PREFEITO ANTONIO LINS DE SOUZA (1) / VILA SAO LOURENCO (1) / TEOTONIO VILELA (1) / CONJUNTO PREFEITO ANTONIO LINS DE SOUZA (1);0050190/0047297/0038075/0044856/0038712/0076352/0050162/0036848/0029894/0076660/0046949/0044383/0047204/0040460/0043431/0044588/0032138/0050411;;
141 ;CDD MACEIO;10;HORIZONTE EXPRESS TRANSPORTES LTDA;10/09/2026;Sim;573948;10;20:37:30;Rota;01;Truck;QYD5670;;000000000262;Fixa;PC financeira;22:13;Rota Gradativa ;23,95;07:18:00;16;151,49;36,06 ;4334;34,45 ;87,60 ;31,58 ;;;;;;Roterizada;;;MACEIO (16);[MAC]: CIDADE UNIVERSITARIA (14) / ANTARES (1) / BENESITO BENTES II (1);0035875/0049073/0042147/0020073/0040370/0038678/0076114/0039125/0029180/0048884/0050007/0047125/0028058/0016992/0048177/0026077;;
141 ;CDD MACEIO;10;HORIZONTE EXPRESS TRANSPORTES LTDA;10/09/2026;Sim;573949;10;20:38:03;Rota;01;VUC;CYN7662;;000000000171;Freteiro;PC financeira;17:13;Padrao;36,95;08:42:00;25;115,70;82,64 ;3155;83,03 ;100,00;83,03 ;;;;;;Roterizada;;;MACEIO (25);[MAC]: CIDADE UNIVERSITARIA (20) / BENESITO BENTES II (3) / SANTOS DUMONT (1) / BENEDITO BENTES (1);0099923/0028920/0038835/0038836/0078471/0040208/0077862/0047444/0049669/0038845/0036767/0044734/0044421/0078795/0041803/0078474/0046295/0046510/0048707/0040236/0045559/0040237/0019543/0040383/0049040;;
141 ;CDD MACEIO;10;HORIZONTE EXPRESS TRANSPORTES LTDA;10/09/2026;Sim;573950;10;20:38:37;Rota;01;Truck;UHJ6F39;;000000000296;Fixa;PC financeira;20:12;Padrao;38,30;09:16:00;20;223,37;53,18 ;6115;48,61 ;100,00;53,18 ;;;;;;Roterizada;;;MACEIO (20);[MAC]: RIO NOVO (8) / TABULEIRO DO MARTINS (5) / CLIMA BOM (4) / FERNAO VELHO (3);0049088/0047302/0049605/0076138/0039132/0019836/0040242/0036505/0045961/0022548/0037149/0017510/0011851/0078956/0040516/0040556/0030253/0035469/0044285/0025308;;
141 ;CDD MACEIO;10;HORIZONTE EXPRESS TRANSPORTES LTDA;10/09/2026;Sim;573951;11;20:39:10;AS;01;Truck;HZB8033;;000000008033;Freteiro;PC financeira;13:58;Padrao;19,10;07:25:00;1;282,50;56,05 ;7620;58,52 ;89,00 ;52,08 ;;;;;;Roterizada;;;MACEIO (1);[MAC]: CANAA (1);0049527;;
141 ;CDD MACEIO;10;HORIZONTE EXPRESS TRANSPORTES LTDA;10/09/2026;Sim;573952;11;20:39:44;AS;01;Carreta;RZT0J80;;000000000100;Fixa;PC financeira;20:06;Padrao;39,36;07:53:00;1;533,00;90,64 ;14632;85,66 ;94,60 ;85,74 ;;;;;;Roterizada;;;MACEIO (1);[MAC]: PRADO (1);0049238;;
141 ;CDD MACEIO;10;HORIZONTE EXPRESS TRANSPORTES LTDA;10/09/2026;Sim;573953;10;20:40:18;Rota;01;Truck;QYD4420;;000000000350;Fixa;PC financeira;20:26;Padrao;35,61;09:20:00;23;207,76;49,46 ;5718;45,45 ;100,00;49,46 ;;;;;;Roterizada;;;MACEIO (23);[MAC]: SERRARIA (9) / BARRO DURO (8) / OURO PRETO (4) / SAO JORGE (1) / CIDADE UNIVERSITARIA (1);0040652/0048470/0035105/0012003/0029659/0037021/0032654/0027096/0044594/0012682/0027134/0042950/0046554/0049291/0021402/0038280/0027322/0049048/0026686/0050458/0050451/0038839/0029967;;
141 ;CDD MACEIO;10;HORIZONTE EXPRESS TRANSPORTES LTDA;10/09/2026;Sim;573954;10;20:40:51;Rota;01;VUC;PDB3703;;000000000034;Fixa;PC financeira;15:51;Padrao;42,95;09:12:00;18;251,00;99,60 ;6255;82,96 ;100,00;99,60 ;;;;;;Roterizada;;;MACEIO (18);[MAC]: PAJUCARA (6) / PONTA VERDE (6) / POCO (4) / CENTRO (1) / PONTA DA TERRA (1);0040575/0039600/0035444/0038738/0046624/0045903/0043545/0040548/0040581/0038533/0041402/0029197/0078989/0050089/0047818/0045319/0048859/0039459;;
141 ;CDD MACEIO;10;HORIZONTE EXPRESS TRANSPORTES LTDA;10/09/2026;Sim;573955;10;20:41:24;Rota;01;VUC;PDB2833;;000000000044;Fixa;PC financeira;16:08;Padrao;35,48;09:09:00;17;240,63;95,48 ;5916;78,46 ;100,00;95,48 ;;;;;;Roterizada;;;MACEIO (17);[MAC]: CRUZ DAS ALMAS (10) / JACARECICA (7);0039329/0048755/0030101/0046817/0048930/0035801/0046660/0030762/0043774/0039341/0021298/0042377/0029756/0017234/0050214/0046121/0078568;;
141 ;CDD MACEIO;10;HORIZONTE EXPRESS TRANSPORTES LTDA;10/09/2026;Sim;573956;10;20:41:59;Rota;01;Toco;PCA8H54;;000000000004;Fixa;PC financeira;18:33;Padrao;32,78;08:52:00;25;183,43;48,52 ;4947;39,32 ;100,00;48,52 ;;;;;;Roterizada;;;MACEIO (25);[MAC]: CIDADE UNIVERSITARIA (24) / TABULEIRO DO MARTINS (1);0043341/0035629/0023193/0049274/0047406/0011238/0050054/0032985/0035560/0032241/0042989/0048690/0031795/0036416/0048374/0045565/0046299/0033215/0032661/0035761/0050206/0047400/0047213/0047919/0023035;;
141 ;CDD MACEIO;10;HORIZONTE EXPRESS TRANSPORTES LTDA;10/09/2026;Sim;573957;11;20:42:31;AS;01;Carreta;RZT1A40;;000000000268;Fixa;PC financeira;10:53;Padrao;256,78;25:50:00;1;311,28;52,93 ;8682;50,83 ;100,00;52,93 ;;;;;;Roterizada;Tempo;;ARAPIRACA (1);[ARA]: ITAPOA (1);0049239;;
141 ;CDD MACEIO;10;HORIZONTE EXPRESS TRANSPORTES LTDA;10/09/2026;Sim;573958;10;20:43:05;Rota;01;VUC;PDB1563;;000000000017;Fixa;PC financeira;20:16;Recarga;33,14;03:45:00;1;117,98;46,81 ;3150;41,78 ;45,00 ;21,06 ;;;;;;Roterizada;;;MACEIO (1);[MAC]: JATIUCA (1);0078978;;
141 ;CDD MACEIO;10;HORIZONTE EXPRESS TRANSPORTES LTDA;10/09/2026;Sim;573959;10;20:43:38;Rota;01;VUC;PDB3873;;000000000030;Fixa;PC financeira;15:46;Padrao;46,54;09:15:00;11;176,84;70,17 ;4655;61,74 ;100,00;70,17 ;;;;;;Roterizada;;;MACEIO (11);[MAC]: PAJUCARA (5) / GRUTA DE LOURDES (2) / POCO (2) / FEITOSA (1) / PONTA DA TERRA (1);0045093/0024587/0046198/0035913/0031604/0035141/0030751/0048982/0035110/0042951/0047557;;
141 ;CDD MACEIO;10;HORIZONTE EXPRESS TRANSPORTES LTDA;10/09/2026;Sim;573960;10;20:44:11;Rota;01;VUC;PDB2683;;000000000100;Fixa;PC financeira;20:14;Recarga;32,95;06:03:00;1;177,72;70,52 ;4901;65,00 ;72,60 ;51,19 ;;;;;;Roterizada;;;MACEIO (1);[MAC]: JATIUCA (1);0038267;;
141 ;CDD MACEIO;10;HORIZONTE EXPRESS TRANSPORTES LTDA;10/09/2026;Sim;573961;10;20:44:45;Rota;01;VUC;PDB1563;;000000000038;Fixa;PC financeira;21:19;Recarga;34,35;04:44:00;2;144,69;57,41 ;3849;51,04 ;56,80 ;32,60 ;;;;;;Roterizada;;;MACEIO (2);[MAC]: JATIUCA (2);0046423/0046791;;
141 ;CDD MACEIO;10;HORIZONTE EXPRESS TRANSPORTES LTDA;10/09/2026;Sim;573962;10;20:45:18;Rota;01;Carreta;RZT0J80;;000000000132;Fixa;PC financeira;15:10;Recarga;62,30;06:44:00;2;155,13;26,38 ;4429;25,93 ;80,80 ;21,31 ;;;;;;Roterizada;;;PARIPUEIRA (2);[PAR]: JACINTINHO (1) / COSTA BRAVA (1);0049205/0046774;;
141 ;CDD MACEIO;10;HORIZONTE EXPRESS TRANSPORTES LTDA;10/09/2026;Sim;573963;10;20:45:54;Rota;01;Truck;DOT6640;;000000000106;Fixa;PC financeira;18:25;Padrao;46,10;09:07:00;24;187,95;44,75 ;5086;40,82 ;100,00;44,75 ;;;;;;Roterizada;;;MACEIO (24);[MAC]: BEBEDOURO (4) / PINHEIRO (4) / CHA DE BEBEDOURO (4) / SANTA AMELIA (2) / SERRARIA (2) / CENTRO (1) / CHA DA JAQUEIRA (1) / FAROL (1) / FERNAO VELHO (1) / OURO PRETO (1) / TABULEIRO DO MARTINS (1) / PETROPOLIS (1) / TABULEIRO DOS MARTINS (1);0039257/0047410/0049281/0077001/0021591/0013138/0033495/0049729/0077868/0042004/0077118/0049707/0010880/0028982/0030316/0014593/0032211/0076302/0042428/0039456/0042395/0050200/0077916/0031935;;
141 ;CDD MACEIO;10;HORIZONTE EXPRESS TRANSPORTES LTDA;10/09/2026;Sim;573964;10;20:46:28;Rota;01;VUC;UHK4I48;;000000000257;Fixa;PC financeira;19:58;Padrao;47,85;09:15:00;21;215,97;85,70 ;5987;79,40 ;100,00;85,70 ;;;;;;Roterizada;;;MACEIO (21);[MAC]: VERGEL DO LAGO (7) / PINHEIRO (4) / BOM PARTO (3) / PONTA GROSSA (3) / FAROL (2) / PRADO (1) / TRAPICHE DA BARRA (1);0076418/0026916/0034124/0025309/0039558/0032865/0026203/0011820/0049261/0043182/0078849/0078189/0037436/0026700/0049144/0037104/0035397/0020071/0036278/0031974/0047859;;
141 ;CDD MACEIO;54;Zumpy Mobilidade Urbana Sustentavel Ltda;10/09/2026;Sim;573966;10;20:47:02;Rota;01;VUC;CRW3M01;;000000000312;Fixa;PC financeira;17:04;Padrao;55,55;03:40:00;11;21,01;75,03 ;583;97,18 ;100,00;97,18 ;;;;;;Roterizada;;;MACEIO (11);[MAC]: RIACHO DOCE (6) / GUAXUMA (3) / BENESITO BENTES II (1) / IPIOCA (1);0047453/0047474/0050417/0078175/0048987/0044890/0047546/0044215/0037251/0029167/0047068;573965;
141 ;CDD MACEIO;54;Zumpy Mobilidade Urbana Sustentavel Ltda;10/09/2026;Sim;573967;10;20:47:02;Rota;01;VUC;CRW3M02;;000000000024;Fixa;PC financeira;13:01;Padrao;49,96;04:01:00;12;22,14;79,07 ;589;98,22 ;100,00;98,22 ;;;;;;Roterizada;;;MACEIO (12);[MAC]: CRUZ DAS ALMAS (4) / JACARECICA (4) / JARAGUA (1) / JATIUCA (1) / SERRARIA (1) / SAO JORGE (1);0028255/0022909/0075988/0039770/0047226/0050125/0041595/0042153/0049361/0046627/0049742/0046007;573965;
141 ;CDD MACEIO;54;Zumpy Mobilidade Urbana Sustentavel Ltda;10/09/2026;Sim;573968;10;20:47:02;Rota;01;VUC;CRW3M03;;000000000241;Fixa;PC financeira;21:22;Padrao;56,89;04:32:00;11;20,97;74,89 ;567;94,56 ;100,00;94,56 ;;;;;;Roterizada;;;MACEIO (11);[MAC]: BOM PARTO (2) / FAROL (2) / SANTOS DUMONT (1) / PINHEIRO (1) / RIO NOVO (1) / TABULEIRO DO MARTINS (1) / TRAPICHE DA BARRA (1) / CHA DE BEBEDOURO (1) / CLIMA BOM (1);0033195/0047962/0044353/0046815/0012793/0077358/0031428/0077122/0038492/0016603/0028643;573965;
141 ;CDD MACEIO;54;Zumpy Mobilidade Urbana Sustentavel Ltda;10/09/2026;Sim;573969;10;20:47:02;Rota;01;VUC;CRW3M04;;000000000312;Fixa;PC financeira;20:56;Padrao;21,12;02:57:00;14;22,03;78,67 ;597;99,51 ;100,00;99,51 ;;;;;;Roterizada;;;MACEIO (14);[MAC]: SANTA LUCIA (6) / TABULEIRO DO MARTINS (5) / BENESITO BENTES II (2) / SAO JOAO (1);0037752/0042850/0046247/0046959/0039984/0048881/0048254/0027051/0028107/0047176/0046551/0046870/0038062/0025067;573965;
141 ;CDD MACEIO;54;Zumpy Mobilidade Urbana Sustentavel Ltda;10/09/2026;Sim;573970;10;20:47:03;Rota;01;VUC;CRW3M05;;000000000319;Fixa;PC financeira;17:10;Padrao;16,48;02:24:00;13;22,20;79,28 ;577;96,17 ;100,00;96,17 ;;;;;;Roterizada;;;MACEIO (13);[MAC]: BENESITO BENTES II (10) / CIDADE UNIVERSITARIA (3);0049644/0049860/0041523/0035529/0041315/0045359/0050308/0076036/0043106/0032475/0033978/0037562/0042458;573965;
141 ;CDD MACEIO;54;Zumpy Mobilidade Urbana Sustentavel Ltda;10/09/2026;Sim;573971;10;20:47:03;Rota;01;VUC;CRW3M06;;000000000314;Fixa;PC financeira;15:15;Padrao;25,59;03:00:00;11;21,89;78,17 ;595;99,26 ;100,00;99,26 ;;;;;;Roterizada;;;MACEIO (11);[MAC]: CIDADE UNIVERSITARIA (10) / TABULEIRO DO MARTINS (1);0035116/0077253/0031991/0049689/0045700/0048545/0049760/0032062/0046982/0050516/0039572;573965;
141 ;CDD MACEIO;54;Zumpy Mobilidade Urbana Sustentavel Ltda;10/09/2026;Sim;573972;10;20:47:03;Rota;01;VUC;CRW3M07;;000000000241;Fixa;PC financeira;17:05;Padrao;48,53;03:04:00;15;24,17;86,32 ;599;99,85 ;100,00;99,85 ;;;;;;Roterizada;;;RIO LARGO (15);[RIO]: CENTRO (8) / MATA DO ROLO (1) / RIO LARGO (1) / ANTINIO LINS (1) / LOTEAMENTO VILA RICA (1) / VILA MINHA ALDEIA (1) / TABULEIRO DO PINTO CRUZEIRO DO SUL (1) / QD 55 (1);0050090/0078817/0049764/0045101/0050185/0035047/0039205/0047230/0048523/0047888/0050264/0047095/0047772/0033463/0049315;573965;
141 ;CDD MACEIO;54;Zumpy Mobilidade Urbana Sustentavel Ltda;10/09/2026;Sim;573973;10;20:47:03;Rota;01;VUC;CRW3M08;;000000000024;Fixa;PC financeira;17:06;Padrao;94,09;06:06:00;11;20,82;74,35 ;571;95,25 ;100,00;95,25 ;;;;;;Roterizada;;;MACEIO (8) / PARIPUEIRA (2) / RIO LARGO (1);[MAC]: IPIOCA (4) / CIDADE UNIVERSITARIA (4) / [PAR]: CENTRO (2) / [RIO]: CENTRO (1);0048303/0043965/0031357/0033741/0044743/0048589/0034055/0048086/0076677/0042801/0045008;573965;
141 ;CDD MACEIO;10;HORIZONTE EXPRESS TRANSPORTES LTDA;11/09/2026;Sim;573989;11;19:49:04;AS;01;Truck;HZB8033;;000000008033;Freteiro;PC financeira;14:40;Padrao;39,36;07:53:00;1;294,00;58,33 ;8837;67,87 ;94,60 ;64,20 ;;;;;;Roterizada;;;MACEIO (1);[MAC]: PRADO (1);0049238;;
141 ;CDD MACEIO;10;HORIZONTE EXPRESS TRANSPORTES LTDA;11/09/2026;Sim;573990;11;19:49:37;AS;01;Truck;MUZ4C85;;000000000041;Freteiro;PC financeira;20:30;Padrao;260,78;11:16:00;1;474,00;94,04 ;13149;89,44 ;100,00;94,04 ;;;;;;Roterizada;Tempo;;ARAPIRACA (1);[ARA]: PLANALTO (1);0034619;;
141 ;CDD MACEIO;10;HORIZONTE EXPRESS TRANSPORTES LTDA;11/09/2026;Sim;573991;11;19:50:09;AS;01;Carreta;RZT0J80;;000000000050;Fixa;PC financeira;16:45;Padrao;16,24;07:26:00;1;540,23;91,87 ;15166;88,79 ;89,20 ;81,94 ;;;;;;Roterizada;;;MACEIO (1);[MAC]: TABULEIRO DOS MARTINS (1);0036920;;
141 ;CDD MACEIO;10;HORIZONTE EXPRESS TRANSPORTES LTDA;11/09/2026;Sim;573992;11;19:50:41;AS;01;Carreta;RZT1A60;;000000000100;Fixa;PC financeira;18:53;Padrao;31,40;07:45:00;1;538,95;91,65 ;15057;88,16 ;93,00 ;85,23 ;;;;;;Roterizada;;;MACEIO (1);[MAC]: MANGABEIRAS (1);0040217;;
141 ;CDD MACEIO;10;HORIZONTE EXPRESS TRANSPORTES LTDA;11/09/2026;Sim;573993;11;19:51:14;AS;01;Carreta;JBS8I06;;000000000050;Fixa;PC financeira;19:54;Padrao;19,56;07:30:00;1;543,63;92,45 ;15149;88,69 ;90,00 ;83,20 ;;;;;;Roterizada;;;MACEIO (1);[MAC]: SERRARIA (1);0031953;;
141 ;CDD MACEIO;10;HORIZONTE EXPRESS TRANSPORTES LTDA;11/09/2026;Sim;573994;10;20:51:37;Rota;01;VUC;PDB0903;;000000000272;Fixa;PC financeira;21:15;Noturno;54,09;09:23:00;14;171,62;68,10 ;4636;61,49 ;100,00;68,10 ;;;;;;Roterizada;;;MACEIO (14);[MAC]: JATIUCA (3) / JARAGUA (2) / TABULEIRO DO MARTINS (2) / BENESITO BENTES II (1) / CRUZ DAS ALMAS (1) / PAJUCARA (1) / PONTA VERDE (1) / PRADO (1) / CLIMA BOM (1) / BENEDITO BENTES (1);0013438/0049486/0024517/0039584/0042554/0048100/0048036/0046933/0031726/0035012/0034835/0043993/0047476/0039869;;
141 ;CDD MACEIO;10;HORIZONTE EXPRESS TRANSPORTES LTDA;11/09/2026;Sim;573995;10;20:52:09;Rota;01;VUC;QYQ0H78;;000000000087;Fixa;PC financeira;20:01;Padrao;74,63;09:18:00;19;162,49;64,48 ;4334;57,78 ;100,00;64,48 ;;;;;;Roterizada;;;MACEIO (19);[MAC]: IPIOCA (12) / JACINTINHO (2) / CANAA (1) / CRUZ DAS ALMAS (1) / JATIUCA (1) / RIACHO DOCE (1) / PESCARIA (1);0042201/0047487/0044521/0037278/0077463/0032559/0033730/0039922/0045035/0023962/0047037/0039934/0050188/0024471/0034885/0011664/0024407/0044332/0019712;;
141 ;CDD MACEIO;10;HORIZONTE EXPRESS TRANSPORTES LTDA;11/09/2026;Sim;573996;10;20:52:41;Rota;01;VUC;PDB3873;;000000000030;Fixa;PC financeira;16:06;Padrao;48,20;09:12:00;20;168,10;66,70 ;4511;59,83 ;100,00;66,70 ;;;;;;Roterizada;;;MACEIO (20);[MAC]: POCO (8) / PAJUCARA (6) / JARAGUA (4) / JATIUCA (1) / PETROPOLIS (1);0049340/0011632/0047831/0048899/0037280/0040097/0016734/0044158/0020645/0020507/0045956/0042503/0040063/0018789/0014896/0020166/0025827/0040581/0042214/0048824;;
141 ;CDD MACEIO;10;HORIZONTE EXPRESS TRANSPORTES LTDA;11/09/2026;Sim;573997;10;20:53:14;Rota;01;VUC;PDB2573;;000000000061;Fixa;PC financeira;19:52;Padrao;40,26;09:11:00;20;203,05;80,57 ;5477;72,64 ;100,00;80,57 ;;;;;;Roterizada;;;MACEIO (20);[MAC]: JACINTINHO (11) / FEITOSA (4) / BARRO DURO (3) / ANTARES (1) / SERRARIA (1);0048067/0049336/0036880/0041380/0042223/0023297/0032942/0040473/0045470/0034311/0044348/0031709/0035337/0049308/0046424/0047518/0031426/0039366/0037109/0016508;;
141 ;CDD MACEIO;10;HORIZONTE EXPRESS TRANSPORTES LTDA;11/09/2026;Sim;573998;10;20:53:45;Rota;01;Truck;DOT6640;;000000000106;Fixa;PC financeira;14:46;Recarga;34,29;06:25:00;1;419,35;99,84 ;12169;97,66 ;100,00;99,84 ;;;;;;Roterizada;;;MACEIO (1);[MAC]: LEVADA (1);0048418;;
141 ;CDD MACEIO;10;HORIZONTE EXPRESS TRANSPORTES LTDA;11/09/2026;Sim;573999;10;20:54:17;Rota;01;Toco;PCA8H54;;000000000004;Fixa;PC financeira;16:29;Padrao;46,75;09:31:00;24;225,92;59,76 ;6233;49,55 ;100,00;59,76 ;;;;;;Roterizada;;;MACEIO (15) / RIO LARGO (9);[MAC]: CIDADE UNIVERSITARIA (14) / CENTRO (1) / [RIO]: TABULEIRO DO PINTO (4) / CENTRO (4) / CIDADE UNIVERSITARIA (1);0077652/0028048/0049443/0078116/0048499/0076469/0045432/0031858/0049354/0041907/0047952/0078781/0033419/0036272/0047977/0018940/0028381/0027124/0033549/0036959/0026131/0076869/0028658/0045914;;
141 ;CDD MACEIO;10;HORIZONTE EXPRESS TRANSPORTES LTDA;11/09/2026;Sim;574000;10;20:54:48;Rota;01;Truck;QYD4490;;000000000201;Fixa;PC financeira;17:02;Padrao;60,03;09:12:00;24;195,84;46,62 ;5198;41,31 ;100,00;46,62 ;;;;;;Roterizada;;;RIO LARGO (23) / MACEIO (1);[RIO]: TABULEIRO DO PINTO (10) / CENTRO (6) / CONJUNTO NAPOLEAO VIANA (2) / CENTRO (1) / MATA DO ROLO (1) / PREFEITO ANTONIO LINS DE SOUZA (1) / AEROPORTO (1) / LOTEAMENTO VILA RICA (1) / [MAC]: CIDADE UNIVERSITARIA (1);0047171/0025586/0037489/0036814/0049284/0045718/0036204/0032801/0077926/0029120/0044513/0076480/0050082/0022009/0049209/0046820/0048903/0049493/0044072/0049342/0048813/0050026/0037037/0077642;;
141 ;CDD MACEIO;10;HORIZONTE EXPRESS TRANSPORTES LTDA;11/09/2026;Sim;574001;10;20:55:21;Rota;01;Truck;QYD5670;;000000000047;Fixa;PC financeira;16:26;Rota Gradativa ;19,80;05:16:00;20;145,97;34,75 ;3926;31,21 ;63,20 ;21,96 ;;;;;;Roterizada;;;MACEIO (20);[MAC]: BENESITO BENTES II (17) / BENEDITO BENTES (3);0047131/0041824/0049035/0032029/0077534/0036999/0039333/0033153/0047168/0030296/0047684/0040287/0033863/0036676/0038376/0033329/0030727/0047200/0041797/0049329;;
141 ;CDD MACEIO;10;HORIZONTE EXPRESS TRANSPORTES LTDA;11/09/2026;Sim;574002;10;20:55:53;Rota;01;Truck;QYD5420;;000000000362;Fixa;PC financeira;18:27;Recarga;22,30;03:17:00;1;141,23;33,62 ;3851;30,61 ;39,40 ;13,24 ;;;;;;Roterizada;;;MACEIO (1);[MAC]: PETROPOLIS (1);0041311;;
141 ;CDD MACEIO;10;HORIZONTE EXPRESS TRANSPORTES LTDA;11/09/2026;Sim;574003;10;20:56:26;Rota;01;Truck;QYD5300;;000000000043;Fixa;PC financeira;17:33;Padrao;24,59;08:54:00;28;255,63;60,86 ;6735;53,53 ;100,00;60,86 ;;;;;;Roterizada;;;MACEIO (28);[MAC]: SANTA LUCIA (14) / TABULEIRO DO MARTINS (11) / TABULEIRO DOS MARTINS (2) / ANTARES (1);0042227/0043980/0078345/0049657/0018959/0047341/0046433/0016546/0045373/0019129/0045792/0049580/0011207/0032388/0020661/0032016/0023355/0041731/0078521/0022508/0035230/0047967/0011325/0044598/0037952/0078723/0011604/0049774;;
141 ;CDD MACEIO;10;HORIZONTE EXPRESS TRANSPORTES LTDA;11/09/2026;Sim;574004;10;20:56:58;Rota;01;VUC;PDB2783;;000000000100;Fixa;PC financeira;16:36;Recarga;17,77;02:44:00;1;136,66;54,23 ;3720;49,34 ;32,80 ;17,78 ;;;;;;Roterizada;;;MACEIO (1);[MAC]: SERRARIA (1);0046865;;
141 ;CDD MACEIO;10;HORIZONTE EXPRESS TRANSPORTES LTDA;11/09/2026;Sim;574005;10;20:57:31;Rota;01;VUC;RUY0H69;;000000000356;Fixa;PC financeira;16:39;Padrao;38,07;06:00:00;18;53,73;76,75 ;1456;99,80 ;100,00;99,80 ;;;;;;Roterizada;;;MACEIO (18);[MAC]: TABULEIRO DO MARTINS (6) / CLIMA BOM (6) / SANTOS DUMONT (2) / JACINTINHO (1) / SANTA AMELIA (1) / PETROPOLIS (1) / TABULEIRO DOS MARTINS (1);0046419/0046898/0046454/0015515/0013060/0043028/0049394/0078088/0020649/0016507/0048969/0049947/0041997/0026974/0047284/0042752/0034990/0049703;;
141 ;CDD MACEIO;10;HORIZONTE EXPRESS TRANSPORTES LTDA;11/09/2026;Sim;574006;10;20:58:03;Rota;01;Truck;DOT6640;;000000000106;Fixa;PC financeira;18:09;Recarga;31,39;03:00:00;2;103,44;24,62 ;2785;22,35 ;36,00 ;8,86;;;;;;Recarga;;;MACEIO (1) / RIO LARGO (1);[MAC]: SANTOS DUMONT (1) / [RIO]: ANTONIO LINS DE SOUZA (1);0037362/0019278;;
141 ;CDD MACEIO;10;HORIZONTE EXPRESS TRANSPORTES LTDA;11/09/2026;Sim;574007;10;20:58:35;Rota;01;VUC;PDB1563;;000000000038;Fixa;PC financeira;15:29;Padrao;34,29;06:25:00;1;252,00;100,00;6582;87,29 ;77,00 ;77,00 ;;;;;;Roterizada;;;MACEIO (1);[MAC]: LEVADA (1);0048418;;
141 ;CDD MACEIO;10;HORIZONTE EXPRESS TRANSPORTES LTDA;11/09/2026;Sim;574008;10;20:59:08;Rota;01;VUC;RUY0H66;;000000000355;Fixa;PC financeira;13:52;Padrao;56,66;07:49:00;19;53,10;75,85 ;1449;99,35 ;100,00;99,35 ;;;;;;Roterizada;;;MACEIO (19);[MAC]: SANTA LUCIA (9) / JACINTINHO (3) / SERRARIA (2) / BARRO DURO (1) / CENTRO (1) / TABULEIRO DO MARTINS (1) / SAO JORGE (1) / JARDIM PETROPOLIS (1);0042135/0044471/0034764/0039317/0048275/0022481/0030966/0043071/0031315/0047905/0017615/0039046/0038801/0014073/0012453/0047655/0050420/0035092/0034270;;
141 ;CDD MACEIO;10;HORIZONTE EXPRESS TRANSPORTES LTDA;11/09/2026;Sim;574009;10;20:59:42;Rota;01;VUC;SHB4B71;;000000000053;Fixa;PC financeira;15:53;Padrao;25,83;04:05:00;18;52,21;74,58 ;1416;96,38 ;100,00;96,38 ;;;;;;Roterizada;;;MACEIO (18);[MAC]: CIDADE UNIVERSITARIA (17) / ANTARES (1);0032891/0030694/0046567/0049037/0043297/0048084/0047442/0016466/0047640/0031270/0078328/0030156/0033758/0036597/0038063/0046742/0047124/0077400;;
141 ;CDD MACEIO;10;HORIZONTE EXPRESS TRANSPORTES LTDA;11/09/2026;Sim;574011;10;21:00:16;Rota;01;VUC;PDB4223;;000000000359;Fixa;PC financeira;15:02;Padrao;44,02;09:05:00;16;251,08;99,63 ;5941;78,80 ;100,00;99,63 ;;;;;;Roterizada;;;MACEIO (16);[MAC]: JATIUCA (8) / PONTA VERDE (8);0044376/0045683/0041569/0047694/0038865/0038732/0010263/0049428/0026038/0047008/0050369/0039332/0040043/0032708/0037234/0018408;;
141 ;CDD MACEIO;10;HORIZONTE EXPRESS TRANSPORTES LTDA;11/09/2026;Sim;574012;10;21:00:49;Rota;01;VUC;PDB2023;;000000000363;Fixa;PC financeira;18:08;Recarga;12,97;03:23:00;1;139,17;55,22 ;3814;50,58 ;40,60 ;22,41 ;;;;;;Roterizada;;;MACEIO (1);[MAC]: SANTA LUCIA (1);0037295;;
141 ;CDD MACEIO;10;HORIZONTE EXPRESS TRANSPORTES LTDA;11/09/2026;Sim;574013;10;21:01:22;Rota;01;VUC;QYO8A15;;000000000042;Fixa;PC financeira;13:53;Recarga;35,18;04:38:00;1;173,70;68,92 ;4870;64,59 ;55,60 ;38,31 ;;;;;;Roterizada;;;MACEIO (1);[MAC]: LEVADA (1);0037780;;
141 ;CDD MACEIO;10;HORIZONTE EXPRESS TRANSPORTES LTDA;11/09/2026;Sim;574014;10;21:01:56;Rota;01;VUC;OHF9C94;;000000000045;Freteiro;PC financeira;19:56;Padrao;52,81;06:47:00;20;55,26;78,94 ;1508;98,56 ;100,00;98,56 ;;;;;;Roterizada;;;MACEIO (20);[MAC]: PONTA VERDE (6) / JACINTINHO (5) / JATIUCA (4) / POCO (3) / PAJUCARA (2);0049251/0049950/0038996/0044429/0045598/0045908/0031084/0022153/0040169/0042402/0048561/0033138/0036678/0040506/0012051/0049371/0045706/0010314/0019326/0047371;;
141 ;CDD MACEIO;10;HORIZONTE EXPRESS TRANSPORTES LTDA;11/09/2026;Sim;574015;10;21:02:30;Rota;01;VUC;RUY0H68;;000000000217;Fixa;PC financeira;14:20;Padrao;44,54;04:51:00;17;51,88;74,11 ;1423;97,57 ;100,00;97,57 ;;;;;;Roterizada;;;MACEIO (17);[MAC]: SANTA LUCIA (6) / BARRO DURO (4) / SERRARIA (2) / SAO JORGE (2) / CANAA (1) / OURO PRETO (1) / JARDIM PETROPOLIS (1);0037584/0045499/0042635/0038782/0076522/0099937/0043090/0076180/0031476/0033459/0023752/0048588/0045730/0043065/0030920/0050402/0050361;;
141 ;CDD MACEIO;10;HORIZONTE EXPRESS TRANSPORTES LTDA;11/09/2026;Sim;574016;10;21:03:19;Rota;01;VUC;PDB3663;;000000000017;Fixa;PC financeira;15:40;Padrao;35,68;09:11:00;15;225,34;89,42 ;6116;81,12 ;100,00;89,42 ;;;;;;Roterizada;;;MACEIO (15);[MAC]: JACINTINHO (8) / MANGABEIRAS (7);0040129/0044034/0045018/0010481/0035383/0042580/0030769/0049485/0050213/0026372/0045400/0037859/0046067/0045537/0050538;;
141 ;CDD MACEIO;10;HORIZONTE EXPRESS TRANSPORTES LTDA;11/09/2026;Sim;574017;10;21:03:53;Rota;01;Truck;QYD5790;;000000000298;Fixa;PC financeira;20:03;Padrao;22,26;09:20:00;27;249,95;59,51 ;6720;53,42 ;100,00;59,51 ;;;;;;Roterizada;;;MACEIO (27);[MAC]: BENESITO BENTES II (15) / CIDADE UNIVERSITARIA (11) / TABULEIRO DO MARTINS (1);0039399/0016675/0038468/0035655/0020010/0019891/0010973/0011796/0035474/0021712/0076953/0016309/0041655/0035426/0030251/0026075/0038697/0039386/0034167/0050412/0049617/0023245/0035624/0049218/0042414/0042382/0020557;;
141 ;CDD MACEIO;10;HORIZONTE EXPRESS TRANSPORTES LTDA;11/09/2026;Sim;574018;10;21:04:26;Rota;01;VUC;CYN7662;;000000000171;Freteiro;PC financeira;17:23;Padrao;42,86;09:11:00;12;104,29;74,49 ;2825;74,35 ;100,00;74,49 ;;;;;;Roterizada;;;MACEIO (12);[MAC]: PONTA GROSSA (7) / LEVADA (2) / CENTRO (1) / FAROL (1) / VERGEL DO LAGO (1);0048418/0036773/0077601/0014252/0044205/0033788/0038200/0034780/0020390/0026549/0039150/0024435;;
141 ;CDD MACEIO;10;HORIZONTE EXPRESS TRANSPORTES LTDA;11/09/2026;Sim;574019;10;21:05:00;Rota;01;VUC;PDB2683;;000000000262;Fixa;PC financeira;13:12;Padrao;39,70;09:18:00;17;222,69;88,36 ;6187;82,06 ;100,00;88,36 ;;;;;;Roterizada;;;MACEIO (17);[MAC]: JACINTINHO (12) / FAROL (2) / FEITOSA (2) / POCO (1);0033887/0076224/0025676/0022077/0031917/0077088/0038996/0013685/0029379/0047934/0044489/0026165/0046866/0025593/0036284/0047024/0029804;;
141 ;CDD MACEIO;10;HORIZONTE EXPRESS TRANSPORTES LTDA;11/09/2026;Sim;574020;10;21:05:33;Rota;01;Truck;QYD6020;;000000000016;Fixa;PC financeira;18:11;Padrao;49,22;09:20:00;12;340,88;81,16 ;9076;72,15 ;100,00;81,16 ;;;;;;Roterizada;;;RIO LARGO (12);[RIO]: MATA DO ROLO (5) / LOTEAMENTO VILA RICA (3) / CENTRO (1) / CENTRO (1) / RIO LARGO (1) / TABULEIRO DO PINTO CRUZEIRO DO SUL (1);0046727/0042443/0024408/0035478/0045715/0042165/0049067/0042487/0078407/0018637/0030062/0022756;;
141 ;CDD MACEIO;10;HORIZONTE EXPRESS TRANSPORTES LTDA;11/09/2026;Sim;574022;10;21:06:08;Rota;01;Truck;UHJ6F39;;000000000296;Fixa;PC financeira;18:33;Padrao;38,53;09:04:00;15;214,72;51,12 ;6074;48,28 ;100,00;51,12 ;;;;;;Roterizada;;;MACEIO (15);[MAC]: PETROPOLIS (6) / CHA DA JAQUEIRA (5) / GRUTA DE LOURDES (1) / SANTA AMELIA (1) / CHA DE BEBEDOURO (1) / SANTO AMARO (1);0030767/0020670/0031828/0044486/0044590/0016262/0038174/0040116/0028981/0034854/0048631/0099954/0049916/0040417/0020720;;
141 ;CDD MACEIO;10;HORIZONTE EXPRESS TRANSPORTES LTDA;11/09/2026;Sim;574023;10;21:06:40;Rota;01;Truck;QYD4490;;000000000296;Fixa;PC financeira;19:01;Padrao;30,60;09:14:00;23;249,60;59,42 ;6562;52,16 ;100,00;59,42 ;;;;;;Roterizada;;;MACEIO (23);[MAC]: SANTOS DUMONT (10) / CLIMA BOM (5) / TABULEIRO DO MARTINS (4) / SANTA AMELIA (2) / TABULEIRO DOS MARTINS (2);0037480/0047841/0039256/0040522/0045964/0022861/0047360/0041762/0078669/0035717/0049744/0043621/0045105/0048034/0030335/0037259/0016385/0034157/0013270/0011839/0030599/0027408/0040071;;
141 ;CDD MACEIO;54;Zumpy Mobilidade Urbana Sustentavel Ltda;11/09/2026;Sim;574025;10;21:07:14;Rota;01;VUC;CRW3M01;;000000000046;Fixa;PC financeira;18:07;Padrao;23,77;03:00:00;16;22,04;78,71 ;574;95,74 ;100,00;95,74 ;;;;;;Roterizada;;;MACEIO (16);[MAC]: BENESITO BENTES II (15) / UTINGA LEAO (1);0026031/0043270/0078136/0034795/0049698/0038380/0077527/0030787/0044648/0047787/0040126/0025713/0034048/0078410/0046189/0035538;574024;
141 ;CDD MACEIO;54;Zumpy Mobilidade Urbana Sustentavel Ltda;11/09/2026;Sim;574026;10;21:07:14;Rota;01;VUC;CRW3M02;;000000000024;Fixa;PC financeira;16:49;Padrao;36,92;04:09:00;16;21,86;78,07 ;588;98,11 ;100,00;98,11 ;;;;;;Roterizada;;;MACEIO (16);[MAC]: PETROPOLIS (8) / TABULEIRO DO MARTINS (4) / CHA DA JAQUEIRA (3) / SANTA AMELIA (1);0030865/0047152/0048112/0043348/0046259/0045827/0076598/0021989/0042565/0049963/0019641/0044700/0042485/0030057/0038095/0050028;574024;
141 ;CDD MACEIO;54;Zumpy Mobilidade Urbana Sustentavel Ltda;11/09/2026;Sim;574027;10;21:07:14;Rota;01;VUC;CRW3M03;;000000000312;Fixa;PC financeira;14:43;Padrao;25,78;03:22:00;18;22,63;80,82 ;587;97,91 ;100,00;97,91 ;;;;;;Roterizada;;;MACEIO (18);[MAC]: CLIMA BOM (14) / SANTOS DUMONT (3) / TABULEIRO DO MARTINS (1);0043246/0032568/0037723/0047780/0045527/0036006/0032826/0033780/0047052/0029912/0045508/0044792/0030275/0011851/0019251/0021274/0033395/0050006;574024;
141 ;CDD MACEIO;54;Zumpy Mobilidade Urbana Sustentavel Ltda;11/09/2026;Sim;574028;10;21:07:15;Rota;01;VUC;CRW3M04;;000000000319;Fixa;PC financeira;15:12;Padrao;28,92;03:28:00;15;21,93;78,32 ;555;92,56 ;100,00;92,56 ;;;;;;Roterizada;;;MACEIO (15);[MAC]: SANTA LUCIA (10) / TABULEIRO DO MARTINS (4) / ANTARES (1);0044769/0033411/0032840/0046514/0076554/0032655/0040249/0027630/0038627/0031333/0037070/0039351/0029450/0046379/0034447;574024;
141 ;CDD MACEIO;54;Zumpy Mobilidade Urbana Sustentavel Ltda;11/09/2026;Sim;574029;10;21:07:15;Rota;01;VUC;CRW3M05;;000000000314;Fixa;PC financeira;16:33;Padrao;51,18;03:58:00;17;22,07;78,82 ;581;96,87 ;100,00;96,87 ;;;;;;Roterizada;;;MACEIO (17);[MAC]: CENTRO (8) / LEVADA (3) / PONTA GROSSA (3) / TRAPICHE DA BARRA (2) / BOM PARTO (1);0050431/0024344/0048916/0020423/0078487/0035647/0026124/0031911/0015379/0033551/0037206/0049357/0077690/0038715/0026516/0044728/0030092;574024;
141 ;CDD MACEIO;54;Zumpy Mobilidade Urbana Sustentavel Ltda;11/09/2026;Sim;574030;10;21:07:15;Rota;01;VUC;CRW3M06;;000000000241;Fixa;PC financeira;15:07;Padrao;48,86;04:04:00;15;22,20;79,28 ;590;98,47 ;100,00;98,47 ;;;;;;Roterizada;;;MACEIO (15);[MAC]: PONTA VERDE (4) / JATIUCA (3) / POCO (3) / JACINTINHO (2) / JARAGUA (1) / PAJUCARA (1) / PONTA DA TERRA (1);0041600/0044699/0048560/0034939/0045725/0048058/0046945/0027279/0021348/0021884/0012062/0049068/0010524/0010564/0036904;574024;
141 ;CDD MACEIO;54;Zumpy Mobilidade Urbana Sustentavel Ltda;11/09/2026;Sim;574031;10;21:07:15;Rota;01;VUC;CRW3M07;;000000000241;Fixa;PC financeira;20:47;Padrao;46,75;03:50:00;13;19,96;71,28 ;538;89,78 ;46,00 ;41,29 ;;;;;;Roterizada;;;MACEIO (13);[MAC]: JACINTINHO (9) / FAROL (1) / FEITOSA (1) / JACARECICA (1) / MANGABEIRAS (1);0039912/0047617/0049033/0038834/0076986/0048351/0046983/0047465/0038166/0042351/0043025/0077173/0045443;574024;
141 ;CDD MACEIO;54;Zumpy Mobilidade Urbana Sustentavel Ltda;11/09/2026;Sim;574032;10;21:07:15;Rota;01;VUC;CRW3M08;;000000000312;Fixa;PC financeira;19:59;Padrao;49,49;03:42:00;15;21,83;77,96 ;597;99,52 ;100,00;99,52 ;;;;;;Roterizada;;;RIO LARGO (11) / MACEIO (4);[RIO]: TABULEIRO DO PINTO (5) / CENTRO (2) / CONJUNTO MUTIRAO (2) / VILA MARILIA (1) / BARNABE (1) / [MAC]: CIDADE UNIVERSITARIA (3) / SANTOS DUMONT (1);0037107/0033632/0049409/0039682/0044050/0029940/0036958/0045629/0037988/0044274/0036905/0047379/0029482/0033072/0037451;574024;
141 ;CDD MACEIO;54;Zumpy Mobilidade Urbana Sustentavel Ltda;11/09/2026;Sim;574033;10;21:07:15;Rota;01;VUC;CRW3M09;;000000000051;Fixa;PC financeira;17:04;Padrao;17,73;02:30:00;12;20,93;74,75 ;573;95,55 ;100,00;95,55 ;;;;;;Roterizada;;;MACEIO (12);[MAC]: CIDADE UNIVERSITARIA (12);0049253/0049692/0049408/0041812/0041362/0033708/0049643/0077543/0032188/0040340/0046876/0050504;574024;
141 ;CDD MACEIO;54;Zumpy Mobilidade Urbana Sustentavel Ltda;11/09/2026;Sim;574034;10;21:07:15;Rota;01;VUC;CRW3M10;;000000000049;Fixa;PC financeira;14:43;Padrao;15,97;02:19:00;11;22,43;80,10 ;587;97,93 ;100,00;97,93 ;;;;;;Roterizada;;;MACEIO (11);[MAC]: BENESITO BENTES II (5) / CIDADE UNIVERSITARIA (4) / GRUTA DE LOURDES (1) / TABULEIRO DO MARTINS (1);0049309/0030715/0032662/0027396/0029050/0049393/0041480/0045971/0040669/0011015/0036619;574024;
141 ;CDD MACEIO;10;HORIZONTE EXPRESS TRANSPORTES LTDA;11/09/2026;Sim;574036;10;21:22:20;Rota;01;Truck;QYD4420;;000000000350;Fixa;PC financeira;17:59;Padrao;29,35;09:11:00;18;244,01;58,09 ;6601;52,47 ;100,00;58,09 ;;;;;;Roterizada;;;MACEIO (18);[MAC]: TABULEIRO DO MARTINS (5) / SANTA LUCIA (5) / CANAA (3) / SERRARIA (3) / ANTARES (1) / OURO PRETO (1);0038819/0031482/0038275/0076167/0037337/0046776/0039567/0048382/0031530/0048863/0026169/0013256/0039166/0028991/0012519/0024448/0025823/0011196;;
141 ;CDD MACEIO;10;HORIZONTE EXPRESS TRANSPORTES LTDA;12/09/2026;Sim;574058;10;20:48:55;Rota;01;VUC;CYN7662;;000000000171;Freteiro;PC financeira;13:51;Padrao;26,61;07:00:00;14;136,10;97,21 ;3764;99,07 ;100,00;99,07 ;;;;;;Roterizada;;;MACEIO (14);[MAC]: CIDADE UNIVERSITARIA (14);0043403/0078142/0044664/0047802/0037416/0037008/0048414/0036552/0043792/0034779/0045138/0044494/0045974/0042610;;
141 ;CDD MACEIO;10;HORIZONTE EXPRESS TRANSPORTES LTDA;12/09/2026;Sim;574059;10;20:49:27;Rota;01;VUC;PDB0903;;000000000272;Fixa;PC financeira;20:22;Noturno;44,79;08:35:00;8;238,66;94,70 ;6532;86,63 ;100,00;94,70 ;;;;;;Roterizada;;;MACEIO (7) / RIO LARGO (1);[MAC]: CIDADE UNIVERSITARIA (3) / BENESITO BENTES II (2) / SANTA AMELIA (1) / TABULEIRO DO MARTINS (1) / [RIO]: ANTONIO LINS DE SOUZA (1);0037362/0046936/0032718/0034448/0045704/0036859/0043850/0039552;;
141 ;CDD MACEIO;10;HORIZONTE EXPRESS TRANSPORTES LTDA;12/09/2026;Sim;574060;10;20:50:00;Rota;01;VUC;PDB2833;;000000000363;Fixa;PC financeira;20:07;Padrao;46,62;09:12:00;11;205,39;81,50 ;5379;71,35 ;100,00;81,50 ;;;;;;Roterizada;;;MACEIO (11);[MAC]: JATIUCA (8) / POCO (2) / PONTA VERDE (1);0020051/0039825/0078978/0048941/0042015/0031402/0049129/0050426/0012986/0033525/0039173;;
141 ;CDD MACEIO;10;HORIZONTE EXPRESS TRANSPORTES LTDA;12/09/2026;Sim;574061;10;20:50:33;Rota;01;VUC;PDB3I13;;000000000017;Fixa;PC financeira;21:44;Padrao;50,17;09:12:00;18;201,39;79,91 ;5557;73,70 ;100,00;79,91 ;;;;;;Roterizada;;;MACEIO (18);[MAC]: PRADO (9) / TRAPICHE DA BARRA (5) / FAROL (2) / CENTRO (1) / PONTA GROSSA (1);0039791/0013939/0046420/0038148/0028119/0048368/0035203/0024288/0031573/0038277/0050198/0050164/0046368/0034011/0025688/0043132/0010135/0023949;;
141 ;CDD MACEIO;10;HORIZONTE EXPRESS TRANSPORTES LTDA;12/09/2026;Sim;574062;10;20:51:05;Rota;01;VUC;UHK4I48;;000000000061;Fixa;PC financeira;18:48;Padrao;40,81;08:59:00;22;197,35;78,31 ;5432;72,05 ;100,00;78,31 ;;;;;;Roterizada;;;MACEIO (22);[MAC]: JACINTINHO (14) / CRUZ DAS ALMAS (4) / FEITOSA (4);0040918/0039329/0032355/0041828/0027199/0077657/0029140/0022552/0034834/0020862/0034777/0030241/0021987/0049034/0030193/0046426/0050067/0031474/0050282/0011715/0030935/0047844;;
141 ;CDD MACEIO;10;HORIZONTE EXPRESS TRANSPORTES LTDA;12/09/2026;Sim;574063;10;20:51:38;Rota;01;VUC;PDB3703;;000000000038;Fixa;PC financeira;18:54;Padrao;47,00;07:58:00;19;140,53;55,76 ;3797;50,36 ;95,60 ;53,30 ;;;;;;Roterizada;;;MACEIO (19);[MAC]: CANAA (5) / JACINTINHO (5) / FEITOSA (3) / SERRARIA (2) / TABULEIRO DO MARTINS (2) / OURO PRETO (1) / POCO (1);0048247/0049910/0042058/0034323/0046452/0040721/0012233/0031506/0031676/0024467/0040500/0034142/0042774/0018957/0031909/0077806/0049956/0017203/0026639;;
141 ;CDD MACEIO;10;HORIZONTE EXPRESS TRANSPORTES LTDA;12/09/2026;Sim;574064;10;20:52:10;Rota;01;Carreta;RZT1A40;;000000000268;Fixa;PC financeira;11:30;Padrao;18,96;04:41:00;1;336,00;57,14 ;10320;60,42 ;56,20 ;33,95 ;;;;;;Roterizada;;;MACEIO (1);[MAC]: CIDADE UNIVERSITARIA (1);0046280;;
141 ;CDD MACEIO;10;HORIZONTE EXPRESS TRANSPORTES LTDA;12/09/2026;Sim;574065;10;20:52:42;Rota;01;Carreta;RZT0J80;;000000000224;Fixa;PC financeira;12:54;Recarga;18,96;04:41:00;1;293,20;49,86 ;8525;49,91 ;56,20 ;28,04 ;;;;;;Roterizada;;;MACEIO (1);[MAC]: CIDADE UNIVERSITARIA (1);0046280;;
141 ;CDD MACEIO;10;HORIZONTE EXPRESS TRANSPORTES LTDA;12/09/2026;Sim;574066;10;20:53:15;Rota;01;Carreta;RZT1A40;;000000000268;Fixa;PC financeira;18:13;Recarga;6,31;04:26:00;1;449,77;76,49 ;13410;78,51 ;53,20 ;41,76 ;;;;;;Roterizada;;;MACEIO (1);[MAC]: CIDADE UNIVERSITARIA (1);0038866;;
141 ;CDD MACEIO;10;HORIZONTE EXPRESS TRANSPORTES LTDA;12/09/2026;Sim;574067;10;20:53:47;Rota;01;Truck;QYD5300;;000000000350;Fixa;PC financeira;15:53;Recarga;24,16;09:21:00;2;292,60;69,66 ;9108;72,40 ;100,00;72,40 ;;;;;;Roterizada;;;MACEIO (2);[MAC]: TABULEIRO DO MARTINS (1) / CIDADE UNIVERSITARIA (1);0046734/0046364;;
141 ;CDD MACEIO;10;HORIZONTE EXPRESS TRANSPORTES LTDA;12/09/2026;Sim;574068;10;20:54:20;Rota;01;VUC;PDB2023;;000000000030;Fixa;PC financeira;17:08;Padrao;49,17;09:15:00;27;187,54;74,42 ;5160;68,44 ;100,00;74,42 ;;;;;;Roterizada;;;MACEIO (27);[MAC]: VERGEL DO LAGO (15) / PONTA GROSSA (5) / TRAPICHE DA BARRA (4) / PRADO (3);0028935/0076838/0039570/0028257/0078849/0030259/0045713/0044389/0022474/0078476/0010712/0036979/0043517/0034182/0039719/0076560/0049611/0028373/0036972/0043658/0036378/0046653/0042218/0031786/0032748/0048834/0036706;;
141 ;CDD MACEIO;10;HORIZONTE EXPRESS TRANSPORTES LTDA;12/09/2026;Sim;574069;10;20:54:52;Rota;01;Carreta;JBS8I06;;000000000224;Fixa;PC financeira;15:37;Padrao;18,96;04:41:00;1;439,74;74,78 ;13056;76,44 ;56,20 ;42,95 ;;;;;;Roterizada;;;MACEIO (1);[MAC]: CIDADE UNIVERSITARIA (1);0046280;;
141 ;CDD MACEIO;10;HORIZONTE EXPRESS TRANSPORTES LTDA;12/09/2026;Sim;574070;10;20:55:25;Rota;01;VUC;PDB3873;;000000000087;Fixa;PC financeira;18:30;Padrao;82,37;09:09:00;30;168,14;66,72 ;4302;57,05 ;100,00;66,72 ;;;;;;Roterizada;;;MACEIO (30);[MAC]: IPIOCA (10) / SAO JORGE (9) / PESCARIA (7) / CRUZ DAS ALMAS (2) / BARRO DURO (1) / JACARECICA (1);0043886/0049473/0046714/0049259/0043900/0046022/0047342/0012574/0036000/0042212/0032703/0050022/0041564/0049475/0043177/0034132/0044849/0027536/0010446/0049213/0038246/0076088/0012517/0049212/0046664/0031440/0021617/0010442/0099948/0024625;;
141 ;CDD MACEIO;10;HORIZONTE EXPRESS TRANSPORTES LTDA;12/09/2026;Sim;574071;10;20:55:57;Rota;01;Truck;QYD5670;;000000000054;Fixa;PC financeira;15:17;Rota Gradativa ;27,11;05:14:00;20;127,41;30,33 ;3499;27,81 ;62,80 ;19,04 ;;;;;;Roterizada;;;MACEIO (20);[MAC]: BENESITO BENTES II (13) / JACARECICA (5) / BENEDITO BENTES (1) / CONJUNTO BENEDITO BENTES II (1);0099922/0030591/0011113/0040437/0028732/0032375/0036868/0037015/0023787/0044546/0048458/0044547/0044024/0076364/0042561/0045972/0032104/0046345/0033527/0047361;;
141 ;CDD MACEIO;10;HORIZONTE EXPRESS TRANSPORTES LTDA;12/09/2026;Sim;574072;10;20:56:30;Rota;01;Toco;PCA8H54;;000000000004;Fixa;PC financeira;17:54;Padrao;22,64;09:08:00;27;248,73;65,80 ;6718;53,40 ;100,00;65,80 ;;;;;;Roterizada;;;MACEIO (27);[MAC]: CIDADE UNIVERSITARIA (20) / BENESITO BENTES II (3) / CENTRO (1) / FAROL (1) / TABULEIRO DO MARTINS (1) / GUAXUMA (1);0039828/0050435/0037230/0025318/0030688/0049692/0032753/0011765/0033045/0035062/0040444/0020828/0029599/0037763/0076431/0045711/0032442/0038360/0030646/0038757/0045772/0029092/0049762/0047339/0038145/0048404/0048077;;
141 ;CDD MACEIO;10;HORIZONTE EXPRESS TRANSPORTES LTDA;12/09/2026;Sim;574073;10;20:57:02;Rota;01;Truck;HZB8033;;000000008033;Freteiro;PC fisica;08:49;Recarga;14,12;08:41:00;2;321,10;63,71 ;9680;74,35 ;100,00;74,35 ;;;;;;Roterizada;;;MACEIO (2);[MAC]: BENESITO BENTES II (1) / CIDADE UNIVERSITARIA (1);0040166/0025900;;
141 ;CDD MACEIO;10;HORIZONTE EXPRESS TRANSPORTES LTDA;12/09/2026;Sim;574074;10;20:57:35;Rota;01;VUC;QYO8B65;;000000000358;Fixa;PC financeira;20:02;Padrao;43,51;09:07:00;18;217,75;86,40 ;5911;63,43 ;100,00;86,40 ;;;;;;Roterizada;;;MACEIO (18);[MAC]: JACINTINHO (8) / CRUZ DAS ALMAS (3) / BARRO DURO (2) / FEITOSA (2) / GRUTA DE LOURDES (1) / MANGABEIRAS (1) / SERRARIA (1);0030767/0078113/0042674/0045611/0033135/0043359/0050492/0046635/0031877/0025923/0049544/0020343/0041105/0033981/0042728/0030372/0076893/0025485;;
141 ;CDD MACEIO;10;HORIZONTE EXPRESS TRANSPORTES LTDA;12/09/2026;Sim;574075;10;20:58:07;Rota;01;VUC;SHB4B71;;000000000053;Fixa;PC financeira;15:59;Padrao;30,23;04:55:00;23;55,15;78,78 ;1467;99,79 ;100,00;99,79 ;;;;;;Roterizada;;;MACEIO (23);[MAC]: BENESITO BENTES II (15) / ANTARES (4) / TABULEIRO DO MARTINS (1) / CIDADE UNIVERSITARIA (1) / MACEIO (1) / BENEDITO BENTES (1);0077399/0049070/0046998/0044282/0038973/0035690/0034618/0046880/0042109/0044022/0050471/0038621/0038193/0032494/0028563/0035344/0045361/0048508/0040222/0026397/0035656/0045788/0042342;;
141 ;CDD MACEIO;10;HORIZONTE EXPRESS TRANSPORTES LTDA;12/09/2026;Sim;574076;10;20:58:39;Rota;01;VUC;PDB2783;;000000000044;Fixa;PC financeira;20:11;Padrao;44,76;07:59:00;7;247,86;98,35 ;6743;89,44 ;95,80 ;94,21 ;;;;;;Roterizada;;;MACEIO (7);[MAC]: TRAPICHE DA BARRA (6) / LEVADA (1);0016302/0040613/0016208/0036331/0010123/0031002/0041562;;
141 ;CDD MACEIO;10;HORIZONTE EXPRESS TRANSPORTES LTDA;12/09/2026;Sim;574077;10;20:59:12;Rota;01;VUC;RUY0H68;;000000000217;Fixa;PC financeira;16:44;Padrao;59,81;07:00:00;21;53,37;76,24 ;1450;99,40 ;100,00;99,40 ;;;;;;Roterizada;;;MACEIO (21);[MAC]: JACINTINHO (4) / TRAPICHE DA BARRA (3) / CANAA (2) / FEITOSA (2) / PRADO (2) / VERGEL DO LAGO (2) / ANTARES (1) / FAROL (1) / GRUTA DE LOURDES (1) / LEVADA (1) / POCO (1) / PONTA GROSSA (1);0029138/0050061/0035424/0010181/0036436/0045588/0046062/0034310/0023732/0042753/0026513/0047992/0049768/0047656/0030744/0035165/0049794/0034168/0034277/0031941/0042954;;
141 ;CDD MACEIO;54;Zumpy Mobilidade Urbana Sustentavel Ltda;12/09/2026;Sim;574079;10;20:59:44;Rota;01;VUC;CRW3M01;;000000000312;Fixa;PC financeira;14:43;Padrao;27,37;03:09:00;17;21,27;75,96 ;582;97,09 ;100,00;97,09 ;;;;;;Roterizada;;;MACEIO (17);[MAC]: TABULEIRO DO MARTINS (9) / CANAA (5) / ANTARES (2) / SANTA LUCIA (1);0077014/0039458/0044252/0044352/0044825/0049400/0033250/0035613/0036026/0047494/0038887/0077742/0049450/0044841/0031648/0044761/0045668;574078;
141 ;CDD MACEIO;54;Zumpy Mobilidade Urbana Sustentavel Ltda;12/09/2026;Sim;574080;10;20:59:44;Rota;01;VUC;CRW3M02;;000000000314;Fixa;PC financeira;14:44;Padrao;23,37;03:10:00;16;21,82;77,92 ;599;99,90 ;100,00;99,90 ;;;;;;Roterizada;;;MACEIO (16);[MAC]: CIDADE UNIVERSITARIA (13) / BENESITO BENTES II (1) / CLIMA BOM (1) / CIDADE LIDER (1);0029655/0041969/0045175/0036058/0040276/0046582/0025280/0050193/0022405/0039744/0047160/0046192/0035973/0033639/0044327/0038002;574078;
141 ;CDD MACEIO;54;Zumpy Mobilidade Urbana Sustentavel Ltda;12/09/2026;Sim;574081;10;20:59:45;Rota;01;VUC;CRW3M03;;000000000241;Fixa;PC financeira;16:03;Padrao;51,36;04:08:00;17;21,82;77,92 ;576;96,06 ;100,00;96,06 ;;;;;;Roterizada;;;MACEIO (17);[MAC]: CENTRO (6) / PONTA GROSSA (4) / TRAPICHE DA BARRA (3) / VERGEL DO LAGO (3) / PRADO (1);0041758/0027092/0034425/0046884/0027793/0026166/0042515/0076730/0049693/0026999/0078194/0045269/0041578/0048983/0050326/0044741/0048708;574078;
141 ;CDD MACEIO;54;Zumpy Mobilidade Urbana Sustentavel Ltda;12/09/2026;Sim;574082;10;20:59:45;Rota;01;VUC;CRW3M04;;000000000024;Fixa;PC financeira;14:44;Padrao;40,26;04:39:00;16;21,90;78,21 ;597;99,62 ;100,00;99,62 ;;;;;;Roterizada;;;MACEIO (16);[MAC]: FERNAO VELHO (5) / TABULEIRO DO MARTINS (3) / CHA DA JAQUEIRA (2) / PETROPOLIS (2) / TABULEIRO DOS MARTINS (2) / SANTA AMELIA (1) / SANTO AMARO (1);0032221/0033074/0040466/0032155/0050500/0076760/0041968/0049355/0034194/0033376/0034993/0034259/0047955/0049713/0027796/0026211;574078;
141 ;CDD MACEIO;54;Zumpy Mobilidade Urbana Sustentavel Ltda;12/09/2026;Sim;574083;10;20:59:45;Rota;01;VUC;CRW3M05;;000000000046;Fixa;PC financeira;21:24;Padrao;29,81;03:39:00;18;21,50;76,78 ;594;99,16 ;100,00;99,16 ;;;;;;Roterizada;;;MACEIO (18);[MAC]: CLIMA BOM (7) / FERNAO VELHO (4) / TABULEIRO DO MARTINS (3) / BENESITO BENTES II (2) / TABULEIRO DOS MARTINS (1) / CLIMA BOM II (1);0032835/0050211/0033113/0046438/0034036/0036768/0038824/0030211/0011944/0012115/0049905/0037896/0030335/0033373/0050386/0043778/0046237/0034497;574078;
141 ;CDD MACEIO;10;HORIZONTE EXPRESS TRANSPORTES LTDA;12/09/2026;Sim;574084;10;21:00:17;Rota;01;VUC;RUY0H69;;000000000356;Fixa;PC financeira;16:02;Padrao;41,50;07:05:00;21;55,58;79,40 ;1443;98,90 ;100,00;98,90 ;;;;;;Roterizada;;;MACEIO (21);[MAC]: TABULEIRO DO MARTINS (4) / CLIMA BOM (4) / CIDADE UNIVERSITARIA (4) / FERNAO VELHO (3) / PETROPOLIS (3) / CHA DA JAQUEIRA (2) / TABULEIRO DOS MARTINS (1);0078895/0041936/0040845/0030351/0041280/0048063/0045562/0040874/0048627/0028643/0042195/0078847/0038682/0024398/0031197/0042177/0047765/0041843/0044838/0044720/0046747;;
141 ;CDD MACEIO;10;HORIZONTE EXPRESS TRANSPORTES LTDA;12/09/2026;Sim;574085;10;21:00:50;Rota;01;VUC;PDB2573;;000000000257;Fixa;PC financeira;18:46;Padrao;39,50;09:13:00;16;248,19;98,48 ;6797;90,15 ;100,00;98,48 ;;;;;;Roterizada;;;MACEIO (16);[MAC]: LEVADA (11) / FAROL (2) / PONTA GROSSA (2) / CENTRO (1);0039861/0023882/0032465/0039169/0028061/0047690/0049065/0049188/0036725/0047748/0026517/0016366/0076858/0041295/0011070/0033513;;
141 ;CDD MACEIO;10;HORIZONTE EXPRESS TRANSPORTES LTDA;12/09/2026;Sim;574086;10;21:01:23;Rota;01;Truck;UHJ6F39;;000000000296;Fixa;PC financeira;18:50;Padrao;34,65;09:04:00;26;174,31;41,50 ;4833;38,41 ;100,00;41,50 ;;;;;;Roterizada;;;MACEIO (26);[MAC]: CLIMA BOM (12) / FERNAO VELHO (9) / SANTA AMELIA (3) / TABULEIRO DO MARTINS (2);0042076/0044519/0043550/0077895/0046733/0076056/0027959/0039143/0042397/0045108/0045719/0031314/0049715/0037287/0032250/0046678/0047282/0030064/0027962/0038111/0047724/0076468/0034548/0035630/0025791/0030916;;
141 ;CDD MACEIO;10;HORIZONTE EXPRESS TRANSPORTES LTDA;12/09/2026;Sim;574087;10;21:01:56;Rota;01;Truck;QYD5790;;000000000298;Fixa;PC financeira;15:53;Rota Gradativa ;17,33;06:58:00;20;183,40;43,66 ;4972;39,52 ;83,60 ;36,49 ;;;;;;Roterizada;;;MACEIO (20);[MAC]: BENESITO BENTES II (16) / ANTARES (1) / POCO (1) / CIDADE UNIVERSITARIA (1) / BENEDITO BENTES 1 (1);0034479/0042874/0043516/0039240/0030737/0045521/0031918/0033233/0031276/0021717/0038837/0035349/0036194/0044433/0035729/0030968/0031703/0035772/0049896/0016089;;
141 ;CDD MACEIO;10;HORIZONTE EXPRESS TRANSPORTES LTDA;12/09/2026;Sim;574088;10;21:02:28;Rota;01;VUC;PDB1563;;000000000043;Fixa;PC financeira;20:16;Padrao;49,12;08:01:00;20;250,94;99,57 ;6539;86,73 ;96,20 ;95,78 ;;;;;;Roterizada;;;RIO LARGO (20);[RIO]: CENTRO (14) / CONJUNTO MUTIRAO (2) / MATA DO ROLO (1) / LOURENCO ALBUQUERQUE (1) / VILA SAO LOURENCO (1) / CUCAU 2 (1);0040495/0025735/0049587/0034722/0034946/0047045/0048684/0049014/0047307/0036585/0045886/0041916/0046439/0044842/0032622/0028893/0031236/0049945/0032439/0043426;;
141 ;CDD MACEIO;10;HORIZONTE EXPRESS TRANSPORTES LTDA;12/09/2026;Sim;574089;10;21:03:00;Rota;01;VUC;QYQ0H78;;000000000362;Fixa;PC financeira;18:04;Padrao;48,86;08:32:00;26;249,91;99,17 ;6609;88,12 ;100,00;99,17 ;;;;;;Roterizada;;;RIO LARGO (26);[RIO]: CENTRO (10) / MATA DO ROLO (5) / TABULEIRO DO PINTO CRUZEIRO DO SUL (3) / LOTEAMENTO VILA RICA (2) / TABULEIRO DO PINTO (1) / VILA RICA (1) / CONJUNTO BANDEIRANTE (1) / VILA DESTILARIA (1) / VILA MINHA ALDEIA (1) / TEOTONIO VILELA (1);0050540/0031172/0046018/0048737/0048283/0050055/0046995/0032109/0042021/0044399/0032138/0048085/0032293/0043063/0045475/0037611/0022980/0047641/0050194/0044299/0042818/0044089/0042882/0049117/0049148/0040025;;
141 ;CDD MACEIO;10;HORIZONTE EXPRESS TRANSPORTES LTDA;12/09/2026;Sim;574090;10;21:03:33;Rota;01;Truck;QYD4420;;000000000016;Fixa;PC financeira;18:32;Padrao;44,51;09:12:00;24;296,25;70,53 ;7810;62,08 ;100,00;70,53 ;;;;;;Roterizada;;;RIO LARGO (24);[RIO]: CENTRO (8) / MATA DO ROLO (6) / TABULEIRO DO PINTO CRUZEIRO DO SUL (5) / TABULEIRO DO PINTO (2) / LOTEAMENTO VILA RICA (2) / CONJUNTO BANDEIRANTE (1);0048037/0047552/0031187/0032648/0047172/0045975/0047005/0078294/0050472/0033731/0036207/0047238/0034978/0041387/0034343/0046434/0038482/0049434/0047207/0038392/0023032/0049174/0039992/0040493;;
141 ;CDD MACEIO;10;HORIZONTE EXPRESS TRANSPORTES LTDA;12/09/2026;Sim;574091;10;21:04:05;Rota;01;Truck;QYD5300;;000000000350;Fixa;PC financeira;17:13;Padrao;22,96;08:49:00;32;207,91;49,50 ;5572;44,29 ;100,00;49,50 ;;;;;;Roterizada;;;MACEIO (32);[MAC]: TABULEIRO DO MARTINS (14) / ANTARES (6) / SANTA LUCIA (6) / TABULEIRO DOS MARTINS (4) / CANAA (1) / TAB DOS MARTINS (1);0042292/0028424/0029915/0033744/0026778/0033876/0036563/0039984/0032154/0044078/0032105/0046725/0020360/0032534/0076894/0014838/0023828/0029462/0011325/0017575/0034492/0014883/0033849/0044075/0030909/0047408/0045652/0033350/0023357/0045117/0047349/0035781;;
141 ;CDD MACEIO;10;HORIZONTE EXPRESS TRANSPORTES LTDA;12/09/2026;Sim;574103;10;22:55:06;Rota;01;Carreta;RZT1A60;;000000000100;Fixa;PC financeira;17:54;Recarga;12,40;04:43:00;1;539,67;91,78 ;15766;92,30 ;100,00;92,30 ;;;;;;Roterizada;;;MACEIO (1);[MAC]: SANTA LUCIA (1);0045109;;
141 ;CDD MACEIO;10;HORIZONTE EXPRESS TRANSPORTES LTDA;12/09/2026;Sim;574104;10;22:55:38;Rota;01;Truck;HZB8033;;000000008033;Freteiro;PC financeira;11:41;Recarga;6,31;04:26:00;1;376,80;74,76 ;11130;85,48 ;53,20 ;45,47 ;;;;;;Roterizada;;;MACEIO (1);[MAC]: CIDADE UNIVERSITARIA (1);0038866;;
141 ;CDD MACEIO;10;HORIZONTE EXPRESS TRANSPORTES LTDA;12/09/2026;Sim;574105;10;22:56:10;Rota;01;Truck;QYD6020;;000000000201;Fixa;PC financeira;16:00;Padrao;38,18;09:03:00;14;224,37;53,42 ;6341;50,40 ;100,00;53,42 ;;;;;;Roterizada;;;RIO LARGO (8) / MACEIO (6);[RIO]: TABULEIRO DO PINTO (3) / CENTRO (2) / ANTONIO LINS DE SOUZA (1) / CONJUNTO MUTIRAO (1) / PREFEITO ANTONIO L DE SOUZA (1) / [MAC]: SANTOS DUMONT (4) / CIDADE UNIVERSITARIA (2);0046972/0049751/0030318/0049201/0031085/0044414/0037111/0042123/0077820/0042749/0029179/0046371/0044420/0048669;;
141 ;CDD MACEIO;10;HORIZONTE EXPRESS TRANSPORTES LTDA;12/09/2026;Sim;574106;10;22:56:44;Rota;01;Truck;DOT6640;;000000000106;Fixa;PC financeira;14:53;Padrao;37,90;09:20:00;21;196,00;46,66 ;5189;41,64 ;100,00;46,66 ;;;;;;Roterizada;;;MACEIO (21);[MAC]: PETROPOLIS (10) / TABULEIRO DO MARTINS (8) / SANTA AMELIA (1) / SANTO AMARO (1) / TABULEIRO DOS MARTINS (1);0020047/0028006/0020721/0041128/0025105/0030090/0047901/0036823/0034592/0076513/0078472/0049922/0038496/0033170/0034307/0037945/0047060/0026312/0042359/0032386/0038262;;
141 ;CDD MACEIO;10;HORIZONTE EXPRESS TRANSPORTES LTDA;13/09/2026;Sim;574109;10;10:01:07;Rota;01;Truck;QYD6020;;000000000043;Fixa;PC financeira;22:55;Padrao;0,00;00:00:00;5;311,83;74,24 ;9212;73,23 ;0,00;0,00;;;;;;Roterizada;;;MACEIO (5);[MAC]: LEVADA (2) / FAROL (1) / JATIUCA (1) / PONTA DA TERRA (1);0035444/0037780/0038619/0049734/0048418;;
141 ;CDD MACEIO;10;HORIZONTE EXPRESS TRANSPORTES LTDA;13/09/2026;Sim;574110;10;10:28:19;Rota;01;VUC;PDB2023;;000000000030;Fixa;PC financeira;22:52;Padrao;0,00;00:00:00;5;67,35;26,72 ;1342;17,80 ;0,00;0,00;;;;;;Roterizada;;;MACEIO (5);[MAC]: JATIUCA (3) / MANGABEIRAS (1) / PAJUCARA (1);0015278/0031122/0032849/0040548/0050146;;
141 ;CDD MACEIO;10;HORIZONTE EXPRESS TRANSPORTES LTDA;13/09/2026;Não;574114;10;00:00:00;Rota;01;Truck;DOT6640;;000000000054;Fixa;PC financeira;14:17;Padrao;0,00;00:00:00;1;393,00;93,57 ;11230;90,12 ;100,00;93,57 ;;;;;;Roterizada;;;MACEIO (1);[MAC]: LEVADA (1);0048418;;
141 ;CDD MACEIO;10;HORIZONTE EXPRESS TRANSPORTES LTDA;14/09/2026;Sim;574115;11;15:52:28;AS;01;Truck;MUZ4C85;;000000000041;Freteiro;PC financeira;12:44;Padrao;19,56;06:40:00;1;248,17;49,24 ;6885;46,84 ;80,00 ;39,39 ;;;;;;Roterizada;;;MACEIO (1);[MAC]: SERRARIA (1);0031953;;
141 ;CDD MACEIO;10;HORIZONTE EXPRESS TRANSPORTES LTDA;14/09/2026;Sim;574116;11;15:53:00;AS;01;Carreta;JBS8I06;;000000000268;Fixa;PC financeira;16:36;Padrao;31,40;07:45:00;1;542,59;92,27 ;14966;87,62 ;93,00 ;85,81 ;;;;;;Roterizada;;;MACEIO (1);[MAC]: MANGABEIRAS (1);0040217;;
141 ;CDD MACEIO;10;HORIZONTE EXPRESS TRANSPORTES LTDA;14/09/2026;Sim;574119;10;17:07:25;Rota;01;Truck;QYD4420;;000000000192;Fixa;PC financeira;18:14;Padrao;8,18;03:28:00;1;408,90;97,35 ;12071;95,95 ;100,00;97,35 ;;;;;;Roterizada;;;MACEIO (1);[MAC]: TABULEIRO DO MARTINS (1);0022340;;
141 ;CDD MACEIO;10;HORIZONTE EXPRESS TRANSPORTES LTDA;14/09/2026;Sim;574120;10;17:07:59;Rota;01;VUC;RUY0H66;;000000000355;Fixa;PC financeira;17:26;Padrao;51,25;08:37:00;25;53,59;76,55 ;1456;99,80 ;100,00;99,80 ;;;;;;Roterizada;;;MACEIO (25);[MAC]: CIDADE UNIVERSITARIA (22) / BENESITO BENTES II (1) / CENTRO (1) / CHA DE BEBEDOURO (1);0047513/0030567/0031795/0076677/0035560/0049718/0044410/0047340/0035931/0040340/0047072/0038063/0049645/0076808/0030955/0036952/0043399/0049760/0076434/0032753/0035624/0044831/0044408/0049762/0039240;;
141 ;CDD MACEIO;10;HORIZONTE EXPRESS TRANSPORTES LTDA;14/09/2026;Sim;574121;10;17:08:32;Rota;01;VUC;RUY0H68;;000000000217;Fixa;PC financeira;15:42;Padrao;56,01;07:33:00;20;52,47;74,95 ;1454;99,68 ;100,00;99,68 ;;;;;;Roterizada;;;MACEIO (20);[MAC]: JACINTINHO (6) / TABULEIRO DO MARTINS (4) / BARRO DURO (2) / CRUZ DAS ALMAS (2) / FEITOSA (2) / CIDADE UNIVERSITARIA (2) / SANTA LUCIA (2);0013919/0048465/0045577/0077747/0050511/0046268/0039046/0048855/0043364/0049607/0011938/0046187/0078901/0031968/0035308/0048716/0046989/0044845/0016466/0078553;;
141 ;CDD MACEIO;10;HORIZONTE EXPRESS TRANSPORTES LTDA;14/09/2026;Sim;574122;10;17:09:05;Rota;01;VUC;QYQ0H78;;000000000132;Fixa;PC financeira;14:47;Padrao;52,81;07:14:00;9;250,98;99,59 ;6867;91,56 ;100,00;99,59 ;;;;;;Roterizada;;;MACEIO (9);[MAC]: GUAXUMA (3) / RIACHO DOCE (2) / GARCA TORTA (2) / IPIOCA (1) / JACARECICA (1);0021053/0044215/0042706/0039502/0048646/0049368/0011339/0033907/0045035;;
141 ;CDD MACEIO;10;HORIZONTE EXPRESS TRANSPORTES LTDA;14/09/2026;Sim;574123;10;17:09:39;Rota;01;VUC;PDB0903;;000000000272;Fixa;PC financeira;20:02;Noturno;79,40;09:05:00;16;103,79;41,18 ;2787;36,97 ;100,00;41,18 ;;;;;;Roterizada;;;MACEIO (16);[MAC]: CIDADE UNIVERSITARIA (4) / TABULEIRO DO MARTINS (3) / JATIUCA (2) / SERRARIA (2) / BENESITO BENTES II (1) / FAROL (1) / JARAGUA (1) / POCO (1) / PRADO (1);0029951/0010946/0031977/0034835/0032400/0037016/0034964/0042450/0049506/0048099/0048101/0047476/0045455/0023169/0046030/0034699;;
141 ;CDD MACEIO;10;HORIZONTE EXPRESS TRANSPORTES LTDA;14/09/2026;Sim;574124;10;17:10:12;Rota;01;VUC;PDB2573;;000000000358;Fixa;PC financeira;20:06;Padrao;43,83;09:14:00;20;185,08;73,44 ;4490;59,55 ;100,00;73,44 ;;;;;;Roterizada;;;MACEIO (20);[MAC]: CRUZ DAS ALMAS (7) / JACARECICA (5) / JACINTINHO (4) / BARRO DURO (1) / FEITOSA (1) / CHA DE BEBEDOURO (1) / GUAXUMA (1);0046424/0044721/0077612/0013919/0048930/0035801/0046660/0030762/0039341/0048755/0076573/0050317/0044605/0028377/0010414/0048925/0040176/0048460/0047848/0040520;;
141 ;CDD MACEIO;10;HORIZONTE EXPRESS TRANSPORTES LTDA;14/09/2026;Sim;574125;10;17:10:46;Rota;01;VUC;UHK4I48;;000000000087;Fixa;PC financeira;14:43;Padrao;78,50;09:29:00;24;251,38;99,75 ;6576;87,21 ;100,00;99,75 ;;;;;;Roterizada;;;MACEIO (13) / PARIPUEIRA (11);[MAC]: IPIOCA (5) / RIACHO DOCE (5) / PESCARIA (2) / CANAA (1) / [PAR]: CENTRO (9) / CENTRO (1) / AL101NORTE (1);0050381/0031357/0034417/0049112/0025294/0047472/0048639/0024637/0042230/0078148/0030826/0049266/0047037/0045756/0033730/0047487/0030941/0021967/0041800/0021149/0019743/0021862/0049964/0031308;;
141 ;CDD MACEIO;10;HORIZONTE EXPRESS TRANSPORTES LTDA;14/09/2026;Sim;574126;10;17:11:19;Rota;01;VUC;QYO8A15;;000000000359;Fixa;PC financeira;14:36;Padrao;48,76;09:19:00;16;198,57;78,79 ;5361;71,10 ;100,00;78,79 ;;;;;;Roterizada;;;MACEIO (16);[MAC]: JARAGUA (4) / PAJUCARA (4) / POCO (3) / PONTA DA TERRA (2) / PONTA VERDE (2) / JATIUCA (1);0031416/0049277/0037031/0039622/0048143/0038533/0046624/0036127/0043507/0078851/0041138/0025484/0047370/0034868/0049999/0048982;;
141 ;CDD MACEIO;10;HORIZONTE EXPRESS TRANSPORTES LTDA;14/09/2026;Sim;574127;10;17:11:52;Rota;01;Carreta;RZT0J80;;000000000224;Fixa;PC financeira;13:09;Padrao;23,27;04:33:00;1;310,72;52,84 ;9047;52,97 ;54,60 ;28,92 ;;;;;;Roterizada;;;MACEIO (1);[MAC]: SANTOS DUMONT (1);0042859;;
141 ;CDD MACEIO;10;HORIZONTE EXPRESS TRANSPORTES LTDA;14/09/2026;Sim;574128;10;17:12:26;Rota;01;VUC;PDB2023;;000000000363;Fixa;PC financeira;15:14;Padrao;44,35;09:23:00;18;240,21;95,32 ;6609;87,65 ;100,00;95,32 ;;;;;;Roterizada;;;MACEIO (18);[MAC]: JATIUCA (16) / MANGABEIRAS (1) / PONTA VERDE (1);0048408/0047319/0048783/0028661/0039328/0078611/0046000/0048469/0041849/0023748/0078381/0013227/0010263/0049428/0039168/0049129/0031586/0046791;;
141 ;CDD MACEIO;10;HORIZONTE EXPRESS TRANSPORTES LTDA;14/09/2026;Sim;574129;10;17:13:00;Rota;01;VUC;PDB1563;;000000000362;Fixa;PC financeira;15:47;Padrao;35,71;04:50:00;5;200,12;79,41 ;5650;74,93 ;58,00 ;46,05 ;;;;;;Roterizada;;;MACEIO (5);[MAC]: JATIUCA (2) / POCO (2) / PONTA VERDE (1);0035865/0049941/0047322/0031402/0037978;;
141 ;CDD MACEIO;10;HORIZONTE EXPRESS TRANSPORTES LTDA;14/09/2026;Sim;574130;10;17:13:33;Rota;01;VUC;PDB2833;;000000000257;Fixa;PC financeira;20:42;Padrao;56,39;09:28:00;24;236,34;93,78 ;6571;87,16 ;100,00;93,78 ;;;;;;Roterizada;;;MACEIO (24);[MAC]: PONTA GROSSA (5) / VERGEL DO LAGO (5) / PINHEIRO (4) / GRUTA DE LOURDES (3) / TRAPICHE DA BARRA (3) / PONTAL DA BARRA (2) / FAROL (1) / PRADO (1);0013138/0076466/0049038/0044974/0039161/0046368/0038648/0032132/0043510/0078695/0076223/0050102/0035833/0047135/0047747/0026229/0039387/0050364/0036116/0035397/0044353/0033529/0076209/0050363;;
141 ;CDD MACEIO;10;HORIZONTE EXPRESS TRANSPORTES LTDA;14/09/2026;Sim;574131;10;17:14:06;Rota;01;VUC;PDB2783;;000000000030;Fixa;PC financeira;15:35;Padrao;41,45;09:09:00;15;201,70;80,03 ;5423;71,92 ;100,00;80,03 ;;;;;;Roterizada;;;MACEIO (15);[MAC]: CRUZ DAS ALMAS (7) / PONTA VERDE (4) / JATIUCA (2) / MANGABEIRAS (2);0027213/0044453/0013399/0033525/0025533/0042998/0040019/0034313/0048715/0042340/0047377/0048614/0029247/0011665/0019802;;
141 ;CDD MACEIO;10;HORIZONTE EXPRESS TRANSPORTES LTDA;14/09/2026;Sim;574132;10;17:14:39;Rota;01;Toco;PCA8H54;;000000000004;Fixa;PC financeira;18:15;Padrao;19,70;06:03:00;1;277,00;73,28 ;8112;64,48 ;72,60 ;53,20 ;;;;;;Roterizada;;;MACEIO (1);[MAC]: PETROPOLIS (1);0025769;;
141 ;CDD MACEIO;10;HORIZONTE EXPRESS TRANSPORTES LTDA;14/09/2026;Sim;574133;10;17:15:26;Rota;01;Truck;QYD5790;;000000000298;Fixa;PC financeira;15:33;Rota Gradativa ;15,83;07:14:00;13;154,55;36,79 ;4195;33,34 ;86,80 ;31,93 ;;;;;;Roterizada;;;MACEIO (13);[MAC]: BENESITO BENTES II (12) / TABULEIRO DO MARTINS (1);0043789/0049632/0031296/0035655/0016309/0076111/0033100/0034359/0044634/0026077/0035944/0031998/0037809;;
141 ;CDD MACEIO;10;HORIZONTE EXPRESS TRANSPORTES LTDA;14/09/2026;Sim;574134;10;17:15:58;Rota;01;VUC;CYN7662;;000000000171;Freteiro;PC financeira;18:17;Padrao;44,73;07:36:00;19;137,29;98,06 ;3748;98,63 ;100,00;98,63 ;;;;;;Roterizada;;;MACEIO (15) / RIO LARGO (4);[MAC]: CIDADE UNIVERSITARIA (14) / TABULEIRO DO MARTINS (1) / [RIO]: TABULEIRO DO PINTO (1) / CENTRO (1) / PREFEITO ANTONIO LINS DE SOUZA (1) / PARQUE SANTA TEREZA (1);0049991/0040600/0049867/0043403/0047444/0038836/0076004/0049001/0035541/0047439/0043421/0049287/0026859/0046299/0077871/0043983/0045058/0044578/0024261;;
141 ;CDD MACEIO;10;HORIZONTE EXPRESS TRANSPORTES LTDA;14/09/2026;Sim;574135;10;17:16:30;Rota;01;VUC;PDB3703;;000000000044;Fixa;PC financeira;19:02;Padrao;45,16;09:16:00;19;221,44;87,87 ;5614;74,46 ;100,00;87,87 ;;;;;;Roterizada;;;MACEIO (19);[MAC]: JACINTINHO (12) / MANGABEIRAS (5) / FEITOSA (1) / POCO (1);0038133/0046452/0049768/0032942/0046796/0041617/0034917/0047925/0011621/0047003/0010227/0040508/0027648/0044034/0048735/0050257/0050289/0048685/0049928;;
141 ;CDD MACEIO;10;HORIZONTE EXPRESS TRANSPORTES LTDA;14/09/2026;Sim;574136;10;17:17:00;Rota;01;Truck;DOT6640;;000000000262;Fixa;PC financeira;16:41;Padrao;53,22;08:58:00;24;159,89;38,06 ;4247;34,08 ;100,00;38,06 ;;;;;;Roterizada;;;MACEIO (13) / RIO LARGO (11);[MAC]: CIDADE UNIVERSITARIA (9) / SANTOS DUMONT (4) / [RIO]: TABULEIRO DO PINTO (4) / CENTRO (2) / BRASIL NOVO (1) / CONJUNTO BANDEIRANTE (1) / LOTEAMENTO VILA RICA (1) / CONJUNTO HELIO VASCONCELOS (1) / TABULEIRO DO PINTO CRUZEIRO DO SUL (1);0076352/0077620/0036642/0045629/0041463/0050082/0077642/0033658/0038774/0025817/0023040/0043631/0048669/0039492/0045045/0049512/0077290/0026006/0049001/0032399/0032125/0049969/0020984/0038240;;
141 ;CDD MACEIO;10;HORIZONTE EXPRESS TRANSPORTES LTDA;14/09/2026;Sim;574137;10;17:17:32;Rota;01;VUC;QYO8B65;;000000000034;Fixa;PC financeira;21:35;Padrao;39,18;09:21:00;16;246,58;97,84 ;6830;73,29 ;100,00;97,84 ;;;;;;Roterizada;;;MACEIO (16);[MAC]: GRUTA DE LOURDES (6) / SERRARIA (5) / ANTARES (1) / CANAA (1) / FAROL (1) / OURO PRETO (1) / SAO JORGE (1);0046865/0078367/0048590/0038839/0033774/0046858/0032491/0044464/0043597/0035915/0030767/0031930/0039308/0043737/0029659/0030855;;
141 ;CDD MACEIO;10;HORIZONTE EXPRESS TRANSPORTES LTDA;14/09/2026;Sim;574138;10;17:18:03;Rota;01;Truck;UHJ6F39;;000000000298;Fixa;PC financeira;21:14;Padrao;49,28;09:09:00;23;135,64;32,29 ;3756;29,86 ;100,00;32,29 ;;;;;;Roterizada;;;MACEIO (23);[MAC]: CLIMA BOM (9) / SANTOS DUMONT (4) / PETROPOLIS (3) / RIO NOVO (2) / TABULEIRO DO MARTINS (2) / FERNAO VELHO (1) / SANTA AMELIA (1) / TABULEIRO DOS MARTINS (1);0076501/0040916/0078879/0035078/0034099/0021145/0037012/0044225/0045105/0024529/0034548/0049250/0042352/0047901/0034259/0035214/0042177/0077018/0036937/0035327/0047544/0078072/0045020;;
141 ;CDD MACEIO;10;HORIZONTE EXPRESS TRANSPORTES LTDA;14/09/2026;Sim;574139;10;17:18:35;Rota;01;VUC;PDB2683;;000000000016;Fixa;PC financeira;19:04;Padrao;56,82;09:12:00;24;213,21;84,60 ;5667;75,17 ;100,00;84,60 ;;;;;;Roterizada;;;RIO LARGO (24);[RIO]: CENTRO (7) / VILA SAO LOURENCO (3) / LOTEAMENTO VILA RICA (3) / TABULEIRO DO PINTO CRUZEIRO DO SUL (3) / MATA DO ROLO (2) / CONJUNTO JARBAS OITICICA (2) / ANTONIO LINS (1) / JARBAS OITICICA (1) / MATA DO ROLO (1) / CONJUNTO MUTIRAO (1);0042932/0043796/0077091/0045852/0042098/0078169/0040191/0020066/0030989/0041414/0047653/0078971/0042091/0076076/0048391/0076916/0043463/0046610/0038527/0047376/0029584/0044514/0042627/0022756;;
141 ;CDD MACEIO;10;HORIZONTE EXPRESS TRANSPORTES LTDA;14/09/2026;Sim;574140;10;17:19:05;Rota;01;Truck;QYD5300;;000000000350;Fixa;PC financeira;18:29;Padrao;44,47;09:06:00;24;196,97;46,89 ;5473;43,51 ;100,00;46,89 ;;;;;;Roterizada;;;MACEIO (24);[MAC]: SANTA LUCIA (7) / CIDADE UNIVERSITARIA (6) / ANTARES (4) / TABULEIRO DO MARTINS (3) / CRUZ DAS ALMAS (1) / SANTA AMELIA (1) / SERRARIA (1) / TABULEIRO DOS MARTINS (1);0049731/0049448/0038580/0046549/0042478/0039342/0049443/0048578/0040240/0047967/0041731/0031949/0049580/0048716/0049124/0028411/0038782/0029089/0076503/0039612/0041887/0047502/0078955/0038819;;
141 ;CDD MACEIO;10;HORIZONTE EXPRESS TRANSPORTES LTDA;14/09/2026;Sim;574141;10;17:19:37;Rota;01;VUC;PDB3873;;000000000061;Fixa;PC financeira;16:47;Padrao;62,40;09:35:00;32;43,53;17,27 ;1175;15,59 ;100,00;17,27 ;;;;;;Roterizada;;;MACEIO (32);[MAC]: JACINTINHO (10) / POCO (7) / FEITOSA (4) / PAJUCARA (3) / PONTA DA TERRA (3) / PONTA VERDE (2) / JARAGUA (1) / JATIUCA (1) / PITANGUINHA (1);0041541/0049398/0037216/0036417/0035582/0046578/0045616/0049735/0032197/0039332/0029909/0045903/0034973/0099978/0030768/0032766/0048733/0041067/0016235/0035371/0042224/0020051/0050371/0077142/0031253/0045908/0040055/0038662/0037992/0077741/0047610/0047331;;
141 ;CDD MACEIO;10;HORIZONTE EXPRESS TRANSPORTES LTDA;14/09/2026;Sim;574142;10;17:20:07;Rota;01;Truck;QYD6020;;000000000201;Fixa;PC financeira;18:26;Padrao;24,31;07:45:00;2;384,38;91,51 ;11242;89,37 ;93,00 ;85,10 ;;;;;;Roterizada;;;MACEIO (2);[MAC]: SANTOS DUMONT (1) / TABULEIRO DO MARTINS (1);0048898/0046753;;
141 ;CDD MACEIO;10;HORIZONTE EXPRESS TRANSPORTES LTDA;14/09/2026;Sim;574143;10;17:20:39;Rota;01;VUC;PDB3663;;000000000106;Fixa;PC financeira;16:53;Padrao;33,65;07:23:00;16;232,02;92,07 ;6157;81,66 ;88,60 ;81,57 ;;;;;;Roterizada;;;MACEIO (16);[MAC]: CHA DA JAQUEIRA (8) / CHA DE BEBEDOURO (3) / FAROL (1) / GRUTA DE LOURDES (1) / PINHEIRO (1) / SANTA AMELIA (1) / PETROPOLIS (1);0031828/0050219/0021989/0014773/0030755/0028101/0036680/0049916/0046235/0034426/0050352/0010866/0049341/0076098/0037683/0044119;;
141 ;CDD MACEIO;54;Zumpy Mobilidade Urbana Sustentavel Ltda;14/09/2026;Sim;574145;10;17:21:10;Rota;01;VUC;CRW3M01;;000000000046;Fixa;PC financeira;19:54;Padrao;31,84;06:27:00;19;23,48;83,85 ;591;98,58 ;100,00;98,58 ;;;;;;Roterizada;;;MACEIO (19);[MAC]: BENESITO BENTES II (14) / CENTRO (2) / JACARECICA (2) / CIDADE UNIVERSITARIA (1);0047659/0049470/0016072/0050495/0034469/0022543/0045285/0047372/0049382/0077541/0034795/0078043/0040501/0047821/0040748/0035426/0033239/0048617/0076913;574144;
141 ;CDD MACEIO;54;Zumpy Mobilidade Urbana Sustentavel Ltda;14/09/2026;Sim;574146;10;17:21:11;Rota;01;VUC;CRW3M02;;000000000312;Fixa;PC financeira;15:50;Padrao;20,92;04:45:00;20;22,53;80,46 ;599;99,99 ;100,00;99,99 ;;;;;;Roterizada;;;MACEIO (20);[MAC]: SANTA LUCIA (11) / TABULEIRO DO MARTINS (8) / ANTARES (1);0030983/0076435/0045373/0029730/0032860/0028239/0050346/0037301/0011272/0050196/0048161/0038868/0028695/0031155/0047464/0078592/0048759/0025823/0046269/0031625;574144;
141 ;CDD MACEIO;54;Zumpy Mobilidade Urbana Sustentavel Ltda;14/09/2026;Sim;574147;10;17:21:11;Rota;01;VUC;CRW3M03;;000000000024;Fixa;PC financeira;15:55;Padrao;48,80;04:33:00;17;22,88;81,71 ;593;98,91 ;100,00;98,91 ;;;;;;Roterizada;;;MACEIO (17);[MAC]: PONTA GROSSA (5) / VERGEL DO LAGO (4) / PRADO (3) / FAROL (2) / TRAPICHE DA BARRA (2) / LEVADA (1);0037781/0025688/0042753/0041613/0044389/0019004/0046928/0037253/0045506/0045774/0037104/0048837/0037436/0036096/0050059/0012191/0043479;574144;
141 ;CDD MACEIO;54;Zumpy Mobilidade Urbana Sustentavel Ltda;14/09/2026;Sim;574148;10;17:21:11;Rota;01;VUC;CRW3M06;;000000000312;Fixa;PC financeira;19:52;Padrao;73,83;04:57:00;14;21,63;77,25 ;591;98,59 ;100,00;98,59 ;;;;;;Roterizada;;;PARIPUEIRA (8) / MACEIO (6);[PAR]: CENTRO (7) / MATA (1) / [MAC]: BENESITO BENTES II (2) / IPIOCA (2) / RIACHO DOCE (1) / GARCA TORTA (1);0045289/0050373/0046086/0047545/0039576/0042306/0047960/0042120/0049134/0039518/0035309/0035975/0033593/0039283;574144;
141 ;CDD MACEIO;54;Zumpy Mobilidade Urbana Sustentavel Ltda;14/09/2026;Sim;574149;10;17:21:12;Rota;01;VUC;CRW3M07;;000000000049;Fixa;PC financeira;17:55;Padrao;59,09;06:50:00;18;21,76;77,71 ;579;96,56 ;100,00;96,56 ;;;;;;Roterizada;;;RIO LARGO (18);[RIO]: CENTRO (5) / MATA DO ROLO (3) / CONJUNTO JARBAS OITICICA (3) / TABULEIRO DO PINTO (1) / PREFEITO ANTONIO LINS DE SOUZA (1) / RIO LARGO (1) / CONJUNTO MUTIRAO (1) / LOTEAMENTO VILA RICA (1) / TABULEIRO DO PINTO CRUZEIRO DO SUL (1) / QD 55 (1);0045718/0050185/0041189/0047204/0036805/0050296/0047753/0046305/0077299/0050264/0048488/0050110/0050384/0040486/0047421/0044217/0036147/0034818;574144;
141 ;CDD MACEIO;54;Zumpy Mobilidade Urbana Sustentavel Ltda;14/09/2026;Sim;574150;10;17:21:12;Rota;01;VUC;CRW3M08;;000000000314;Fixa;PC financeira;15:56;Padrao;43,25;06:28:00;17;20,45;73,03 ;576;96,04 ;100,00;96,04 ;;;;;;Roterizada;;;MACEIO (17);[MAC]: LEVADA (6) / CENTRO (5) / FAROL (2) / GRUTA DE LOURDES (2) / PINHEIRO (1) / VERGEL DO LAGO (1);0029895/0049385/0038893/0050167/0038042/0024344/0033012/0012441/0026444/0041295/0047920/0038475/0044701/0037245/0048479/0046055/0050383;574144;
141 ;CDD MACEIO;54;Zumpy Mobilidade Urbana Sustentavel Ltda;14/09/2026;Sim;574151;10;17:21:12;Rota;01;VUC;CRW3M09;;000000000024;Fixa;PC financeira;19:52;Padrao;38,09;04:47:00;17;22,33;79,75 ;589;98,20 ;100,00;98,20 ;;;;;;Roterizada;;;MACEIO (17);[MAC]: CLIMA BOM (9) / RIO NOVO (4) / FERNAO VELHO (2) / SANTOS DUMONT (1) / TABULEIRO DO MARTINS (1);0044973/0077872/0042141/0078655/0028801/0034605/0076892/0025306/0042339/0049955/0036185/0050094/0024252/0030137/0048969/0043915/0026567;574144;
141 ;CDD MACEIO;54;Zumpy Mobilidade Urbana Sustentavel Ltda;14/09/2026;Sim;574152;10;17:21:12;Rota;01;VUC;CRW3M10;;000000000241;Fixa;PC financeira;16:22;Padrao;54,98;07:00:00;17;22,24;79,42 ;576;96,00 ;100,00;96,00 ;;;;;;Roterizada;;;MACEIO (17);[MAC]: JATIUCA (5) / BENESITO BENTES II (3) / JACARECICA (2) / JACINTINHO (2) / CENTRO (1) / CRUZ DAS ALMAS (1) / FEITOSA (1) / POCO (1) / PONTA VERDE (1);0040542/0042153/0044167/0042533/0033283/0050432/0049503/0045319/0030004/0040037/0044516/0028633/0036639/0027199/0047068/0047659/0044847;574144;
141 ;CDD MACEIO;54;Zumpy Mobilidade Urbana Sustentavel Ltda;14/09/2026;Sim;574153;10;17:21:13;Rota;01;VUC;CRW3M11;;000000000051;Fixa;Entrada cdd fabrica;21:10;Padrao;44,41;07:00:00;20;21,50;76,78 ;594;99,01 ;100,00;99,01 ;;;;;;Roterizada;;;MACEIO (20);[MAC]: TABULEIRO DO MARTINS (6) / CHA DE BEBEDOURO (4) / PETROPOLIS (4) / CIDADE UNIVERSITARIA (2) / CHA DA JAQUEIRA (1) / FERNAO VELHO (1) / SANTA AMELIA (1) / CLIMA BOM (1);0046618/0035071/0047955/0076319/0032200/0077122/0038365/0032800/0036125/0042547/0034993/0036970/0050500/0048551/0076803/0032250/0042711/0033298/0049332/0049275;574144;
141 ;CDD MACEIO;54;Zumpy Mobilidade Urbana Sustentavel Ltda;14/09/2026;Sim;574154;10;17:21:13;Rota;01;VUC;CRW3M12;;000000000241;Fixa;PC financeira;21:01;Padrao;40,05;04:31:00;17;22,08;78,85 ;588;98,02 ;100,00;98,02 ;;;;;;Roterizada;;;MACEIO (17);[MAC]: SANTA LUCIA (5) / GRUTA DE LOURDES (4) / CIDADE UNIVERSITARIA (3) / OURO PRETO (2) / BARRO DURO (1) / CENTRO (1) / TABULEIRO DO MARTINS (1);0032351/0047553/0045256/0050178/0012602/0024412/0049298/0031111/0041159/0027628/0037070/0046499/0029428/0050058/0047687/0041523/0046982;574144;
141 ;CDD MACEIO;10;HORIZONTE EXPRESS TRANSPORTES LTDA;14/09/2026;Sim;574155;10;18:06:26;Rota;01;VUC;RUY0H69;;000000000356;Fixa;PC financeira;16:43;Padrao;44,70;08:45:00;25;57,01;81,44 ;1454;99,70 ;100,00;99,70 ;;;;;;Roterizada;;;MACEIO (19) / RIO LARGO (6);[MAC]: CIDADE UNIVERSITARIA (12) / SANTOS DUMONT (4) / BENESITO BENTES II (3) / [RIO]: TABULEIRO DO PINTO (3) / CENTRO (1) / UTINGA (1) / RIACHO DAS PEDRAS (1);0034620/0042287/0026388/0044649/0040208/0038721/0078795/0050206/0036028/0046860/0048162/0048054/0044117/0032037/0033657/0037037/0046974/0033665/0050499/0033672/0046028/0043883/0030948/0045963/0046076;;
141 ;CDD MACEIO;10;HORIZONTE EXPRESS TRANSPORTES LTDA;14/09/2026;Sim;574156;10;18:06:59;Rota;01;VUC;PDB3I13;;000000000262;Fixa;PC financeira;21:22;Padrao;47,04;09:07:00;24;243,51;96,63 ;6415;85,09 ;100,00;96,63 ;;;;;;Roterizada;;;MACEIO (24);[MAC]: LEVADA (6) / PRADO (6) / CENTRO (3) / FAROL (3) / BOM PARTO (2) / PONTA GROSSA (2) / VERGEL DO LAGO (1) / C. DO SUL (1);0037152/0036723/0031012/0050462/0047715/0010731/0046044/0041599/0038713/0043992/0041675/0043734/0048550/0041908/0043720/0032080/0032465/0049065/0018184/0036725/0038967/0076410/0011070/0031617;;
141 ;CDD MACEIO;10;HORIZONTE EXPRESS TRANSPORTES LTDA;14/09/2026;Sim;574157;10;18:07:31;Rota;01;Truck;QYD5670;;000000000047;Fixa;PC financeira;15:54;Rota Gradativa ;38,44;06:37:00;20;145,11;34,55 ;3859;30,67 ;79,40 ;27,43 ;;;;;;Roterizada;;;MACEIO (20);[MAC]: BENESITO BENTES II (10) / CIDADE UNIVERSITARIA (6) / ANTARES (2) / BENEDITO BENTES (2);0039029/0047508/0042382/0049274/0043297/0039275/0033522/0035692/0042075/0039852/0037996/0035425/0014852/0045553/0032104/0050256/0031612/0077530/0050081/0033297;;
141 ;CDD MACEIO;10;HORIZONTE EXPRESS TRANSPORTES LTDA;15/09/2026;Sim;574183;10;21:09:42;Rota;01;VUC;CYN7662;;000000000171;Freteiro;PC financeira;14:42;Padrao;43,69;08:14:00;19;138,45;98,89 ;3764;99,05 ;100,00;99,05 ;;;;;;Roterizada;;;MACEIO (19);[MAC]: CIDADE UNIVERSITARIA (17) / SANTOS DUMONT (1) / VILLAGE CAMPESTRE (1);0038145/0049521/0029092/0044153/0045343/0039075/0050391/0047278/0033716/0041255/0027421/0049351/0035621/0030297/0035260/0038360/0021421/0031134/0049060;;
141 ;CDD MACEIO;10;HORIZONTE EXPRESS TRANSPORTES LTDA;15/09/2026;Sim;574184;10;21:10:15;Rota;01;VUC;PDB0903;;000000000272;Fixa;PC financeira;02:43;Noturno;76,19;09:23:00;15;241,53;95,84 ;6494;86,12 ;100,00;95,84 ;;;;;;Roterizada;;;MACEIO (14) / RIO LARGO (1);[MAC]: BENESITO BENTES II (3) / JATIUCA (2) / TABULEIRO DO MARTINS (2) / CIDADE UNIVERSITARIA (2) / SANTA LUCIA (2) / ANTARES (1) / GRUTA DE LOURDES (1) / PAJUCARA (1) / [RIO]: PREFEITO ANTONIO LINS DE SOUZA - TAB.DO PINTO (1);0046692/0029108/0036371/0039869/0030476/0041360/0031179/0024123/0043501/0050075/0039009/0030798/0034877/0035759/0039552;;
141 ;CDD MACEIO;10;HORIZONTE EXPRESS TRANSPORTES LTDA;15/09/2026;Sim;574185;10;21:10:48;Rota;01;VUC;PDB2573;;000000000358;Fixa;PC financeira;06:36;Padrao;70,65;09:14:00;26;153,28;60,82 ;4173;55,35 ;100,00;60,82 ;;;;;;Roterizada;;;PARIPUEIRA (14) / MACEIO (12);[PAR]: CENTRO (12) / AL101NORTE (1) / PARIPUEIRA (1) / [MAC]: RIACHO DOCE (5) / IPIOCA (3) / GARCA TORTA (3) / GUAXUMA (1);0021432/0044128/0044328/0019743/0021149/0047793/0036662/0025437/0025240/0020527/0037732/0047538/0048416/0050079/0030510/0042020/0028616/0033503/0035042/0031018/0045075/0037913/0078148/0041697/0050297/0048589;;
141 ;CDD MACEIO;10;HORIZONTE EXPRESS TRANSPORTES LTDA;15/09/2026;Sim;574186;10;21:11:21;Rota;01;VUC;PDB2783;;000000000016;Fixa;PC financeira;19:59;Padrao;50,37;08:36:00;26;248,61;98,65 ;6564;87,06 ;100,00;98,65 ;;;;;;Roterizada;;;RIO LARGO (26);[RIO]: CENTRO (12) / CONJUNTO MUTIRAO (4) / CENTRO (2) / ALTO SAO MIGUEL (2) / TABULEIRO DO PINTO (1) / MATA DO ROLO (1) / GUSTAVO PAIVA (1) / VILA MINHA ALDEIA (1) / TABULEIRO DO PINTO CRUZEIRO DO SUL (1) / AEROPORTO VELHO (1);0031237/0042882/0044089/0048684/0034723/0025735/0043223/0044141/0035202/0029440/0050384/0040360/0042764/0043330/0047293/0027807/0047237/0049409/0078407/0043043/0028789/0042013/0031236/0043036/0050372/0038795;;
141 ;CDD MACEIO;10;HORIZONTE EXPRESS TRANSPORTES LTDA;15/09/2026;Sim;574187;10;21:11:53;Rota;01;VUC;PDB3703;;000000000044;Fixa;PC financeira;16:30;Padrao;46,03;08:42:00;19;247,71;98,29 ;6799;90,17 ;100,00;98,29 ;;;;;;Roterizada;;;MACEIO (19);[MAC]: PONTA GROSSA (11) / LEVADA (5) / VERGEL DO LAGO (2) / FAROL (1);0047992/0023882/0046498/0026423/0037086/0012004/0077239/0034348/0036378/0032352/0032558/0029923/0034778/0015544/0076858/0041295/0047066/0038329/0047175;;
141 ;CDD MACEIO;10;HORIZONTE EXPRESS TRANSPORTES LTDA;15/09/2026;Sim;574188;10;21:12:25;Rota;01;Truck;QYD5670;;000000000047;Fixa;PC financeira;16:18;Rota Gradativa ;18,38;07:03:00;20;237,47;56,54 ;6281;49,93 ;84,60 ;47,83 ;;;;;;Roterizada;;;MACEIO (20);[MAC]: BENESITO BENTES II (19) / CENTRO (1);0049262/0028175/0025553/0013438/0021712/0047794/0040480/0027713/0036630/0076277/0031620/0030702/0023653/0037804/0032324/0017709/0077563/0046491/0035242/0023921;;
141 ;CDD MACEIO;10;HORIZONTE EXPRESS TRANSPORTES LTDA;15/09/2026;Sim;574189;10;21:12:57;Rota;01;Truck;QYD4420;;000000000004;Fixa;PC financeira;17:47;Recarga;56,00;04:02:00;2;212,50;50,59 ;5884;46,77 ;48,40 ;24,48 ;;;;;;Roterizada;;;MACEIO (2);[MAC]: BENESITO BENTES II (1) / IPIOCA (1);0031889/0036759;;
141 ;CDD MACEIO;10;HORIZONTE EXPRESS TRANSPORTES LTDA;15/09/2026;Sim;574190;10;21:13:30;Rota;01;Truck;QYD4420;;000000000192;Fixa;PC financeira;20:06;Padrao;35,88;09:13:00;26;185,91;44,26 ;5076;40,35 ;100,00;44,26 ;;;;;;Roterizada;;;MACEIO (26);[MAC]: CLIMA BOM (18) / SANTOS DUMONT (4) / TABULEIRO DO MARTINS (3) / CIDADE UNIVERSITARIA (1);0042339/0036961/0043610/0044414/0041762/0028117/0077730/0037616/0045174/0038320/0049177/0025306/0035667/0036006/0046999/0024541/0043621/0048627/0034730/0048034/0040671/0032670/0042122/0036728/0044285/0047667;;
141 ;CDD MACEIO;10;HORIZONTE EXPRESS TRANSPORTES LTDA;15/09/2026;Sim;574191;10;21:14:03;Rota;01;Truck;QYD4490;;000000000201;Fixa;PC financeira;14:42;Padrao;42,09;09:05:00;26;313,98;74,75 ;8390;66,69 ;100,00;74,75 ;;;;;;Roterizada;;;RIO LARGO (22) / MACEIO (3) / SATUBA (1);[RIO]: TABULEIRO DO PINTO (7) / PREFEITO ANTONIO LINS DE SOUZA (2) / BRASIL NOVO (2) / CONJUNTO HELIO VASCONCELOS (2) / CENTRO (1) / CENTRO (1) / CRUZEIRO DO SUL (1) / ANTONIO LINS DE SOUZA (1) / PREFEITO ANTONIO NS DE SOUZA (1) / PREFEITO ANTONIO L DE SOUZA (1) / GRUTA DE LOURDES (1) / CONJUNTO FORENE (1) / TABULEIRO DO PINTO FORENE (1) / [MAC]: SANTOS DUMONT (2) / CIDADE UNIVERSITARIA (1) / [SAT]: CENTRO (1);0025586/0020469/0045718/0040032/0033906/0036816/0037362/0028439/0036204/0037883/0046972/0039992/0032848/0037655/0045008/0050222/0042942/0035749/0043631/0043924/0035246/0078990/0049641/0035707/0041676/0030457;;
141 ;CDD MACEIO;10;HORIZONTE EXPRESS TRANSPORTES LTDA;15/09/2026;Sim;574192;10;21:14:35;Rota;01;VUC;QYQ0H78;;000000000363;Fixa;PC financeira;19:57;Recarga;7,58;00:44:00;1;198,59;78,80 ;5387;71,83 ;8,80;6,93;;;;;;Roterizada;;;MACEIO (1);[MAC]: ANTARES (1);0039330;;
141 ;CDD MACEIO;10;HORIZONTE EXPRESS TRANSPORTES LTDA;15/09/2026;Sim;574193;10;21:15:09;Rota;01;Truck;QYD5300;;000000000350;Fixa;PC financeira;18:16;Padrao;25,13;08:53:00;34;260,28;61,97 ;6871;54,62 ;100,00;61,97 ;;;;;;Roterizada;;;MACEIO (34);[MAC]: TABULEIRO DO MARTINS (19) / SANTA LUCIA (14) / TABULEIRO DOS MARTINS (1);0033908/0033835/0046224/0041658/0049127/0020697/0043791/0049657/0032018/0035549/0015235/0043793/0038116/0028398/0012020/0049926/0040929/0048161/0034817/0044269/0031022/0043398/0050069/0039840/0035989/0041937/0049324/0037754/0036087/0035687/0039066/0038601/0042292/0044598;;
141 ;CDD MACEIO;10;HORIZONTE EXPRESS TRANSPORTES LTDA;15/09/2026;Sim;574194;10;21:15:41;Rota;01;VUC;SHB4B71;;000000000053;Fixa;PC financeira;16:55;Padrao;50,13;09:28:00;33;54,34;77,62 ;1454;98,96 ;100,00;98,96 ;;;;;;Roterizada;;;MACEIO (33);[MAC]: CLIMA BOM (14) / TABULEIRO DO MARTINS (6) / PETROPOLIS (5) / SANTOS DUMONT (3) / CHA DA JAQUEIRA (2) / SANTA AMELIA (1) / CIDADE UNIVERSITARIA (1) / TABULEIRO DOS MARTINS (1);0049963/0043760/0033155/0044510/0027796/0033041/0016424/0047765/0035501/0050168/0029407/0038806/0028681/0041868/0035881/0030465/0039043/0049436/0037723/0041781/0035617/0047360/0043246/0049224/0050006/0050276/0035469/0034278/0029868/0035842/0030599/0076165/0031169;;
141 ;CDD MACEIO;10;HORIZONTE EXPRESS TRANSPORTES LTDA;15/09/2026;Sim;574195;10;21:16:14;Rota;01;Truck;QYD6020;;000000000106;Fixa;PC financeira;14:46;Padrao;40,05;09:31:00;25;168,75;40,17 ;4522;35,95 ;100,00;40,17 ;;;;;;Roterizada;;;MACEIO (25);[MAC]: TABULEIRO DO MARTINS (10) / PETROPOLIS (8) / SANTA AMELIA (6) / BEBEDOURO (1);0046618/0042359/0045704/0037884/0043306/0033074/0019981/0048723/0040512/0050422/0013270/0044744/0044337/0033374/0033797/0040054/0049739/0025826/0045907/0049080/0049423/0033679/0038496/0076268/0036884;;
141 ;CDD MACEIO;10;HORIZONTE EXPRESS TRANSPORTES LTDA;15/09/2026;Sim;574196;10;21:16:48;Rota;01;VUC;PDB1563;;000000000061;Fixa;PC financeira;20:07;Padrao;51,24;09:06:00;20;223,27;88,59 ;5715;75,79 ;100,00;88,59 ;;;;;;Roterizada;;;MACEIO (20);[MAC]: JACINTINHO (8) / SAO JORGE (4) / CRUZ DAS ALMAS (3) / GUAXUMA (3) / PAJUCARA (1) / RIACHO DOCE (1);0031195/0041856/0044729/0028781/0049473/0020862/0034777/0030241/0041111/0028045/0028377/0039729/0034834/0046763/0040019/0046389/0043842/0048710/0078829/0048160;;
141 ;CDD MACEIO;10;HORIZONTE EXPRESS TRANSPORTES LTDA;15/09/2026;Sim;574197;10;21:17:22;Rota;01;VUC;OHF9C94;;000000000045;Freteiro;PC financeira;14:57;Padrao;66,97;09:10:00;34;53,88;76,97 ;1502;98,20 ;100,00;98,20 ;;;;;;Roterizada;;;MACEIO (34);[MAC]: JACINTINHO (10) / FEITOSA (5) / PONTA GROSSA (5) / CRUZ DAS ALMAS (3) / GRUTA DE LOURDES (3) / FAROL (2) / BARRO DURO (1) / JATIUCA (1) / LEVADA (1) / MANGABEIRAS (1) / PITANGUINHA (1) / SAO JORGE (1);0048597/0041481/0049343/0077471/0044638/0041541/0010963/0013316/0045256/0043492/0046700/0043479/0050311/0039558/0023917/0022000/0032949/0047650/0037307/0046453/0011663/0032649/0048855/0046334/0078836/0024474/0046578/0028041/0077884/0045403/0038038/0041678/0032663/0046554;;
141 ;CDD MACEIO;10;HORIZONTE EXPRESS TRANSPORTES LTDA;15/09/2026;Sim;574198;10;21:17:55;Rota;01;VUC;RUY0H68;;000000000217;Fixa;PC financeira;18:18;Padrao;33,75;07:47:00;32;53,62;76,60 ;1455;99,73 ;100,00;99,73 ;;;;;;Roterizada;;;MACEIO (32);[MAC]: CIDADE UNIVERSITARIA (15) / TABULEIRO DO MARTINS (12) / SANTA LUCIA (4) / VILLAGE CAMPESTRE (1);0046248/0020855/0048881/0049303/0042524/0042427/0031317/0050479/0030850/0029477/0050493/0050406/0038673/0041474/0035542/0042236/0041728/0036859/0033706/0045696/0048128/0028920/0048608/0048556/0044081/0044149/0036058/0048056/0046565/0076363/0035061/0030713;;
141 ;CDD MACEIO;10;HORIZONTE EXPRESS TRANSPORTES LTDA;15/09/2026;Sim;574199;10;21:18:29;Rota;01;VUC;RUY0H69;;000000000356;Fixa;PC financeira;16:20;Padrao;63,23;08:37:00;26;55,05;78,64 ;1450;99,42 ;100,00;99,42 ;;;;;;Roterizada;;;RIO LARGO (19) / MACEIO (7);[RIO]: CENTRO (9) / CONJUNTO MUTIRAO (2) / TABULEIRO DO PINTO (1) / MATA DO ROLO (1) / TABULEIRO DO PINTO (1) / CRUZEIRO DO SUL (1) / PREF ANTONIO L SOUZA (1) / PREF ANTONIO LINS (1) / CONJUNTO HELIO VASCONCELOS (1) / CONJUNTO CHICO MENDES (1) / [MAC]: CIDADE UNIVERSITARIA (6) / SANTOS DUMONT (1);0045929/0041835/0021965/0044201/0044837/0044997/0043921/0032164/0048929/0029584/0036720/0049587/0029425/0034722/0047644/0044530/0042718/0014570/0048095/0042749/0046953/0049753/0037237/0049445/0033912/0038789;;
141 ;CDD MACEIO;10;HORIZONTE EXPRESS TRANSPORTES LTDA;15/09/2026;Sim;574200;10;21:19:02;Rota;01;VUC;PDB2683;;000000000257;Fixa;PC financeira;18:50;Padrao;43,96;07:28:00;16;251,36;99,74 ;6364;84,41 ;89,60 ;89,36 ;;;;;;Roterizada;;;MACEIO (16);[MAC]: PAJUCARA (7) / POCO (5) / JARAGUA (2) / JATIUCA (1) / PONTA DA TERRA (1);0047243/0021784/0042181/0046198/0034868/0018789/0014896/0012395/0046620/0035141/0035444/0049734/0049951/0047831/0050119/0023175;;
141 ;CDD MACEIO;10;HORIZONTE EXPRESS TRANSPORTES LTDA;15/09/2026;Sim;574201;10;21:19:34;Rota;01;VUC;PDB3873;;000000000030;Fixa;PC financeira;16:21;Padrao;41,99;08:26:00;15;248,00;98,41 ;6451;85,56 ;100,00;98,41 ;;;;;;Roterizada;;;MACEIO (15);[MAC]: JATIUCA (12) / CRUZ DAS ALMAS (1) / MANGABEIRAS (1) / PONTA VERDE (1);0046059/0043378/0020525/0045062/0024369/0050146/0041170/0045536/0019905/0029761/0042266/0039328/0044516/0011665/0077912;;
141 ;CDD MACEIO;10;HORIZONTE EXPRESS TRANSPORTES LTDA;15/09/2026;Sim;574202;10;21:20:07;Rota;01;VUC;PDB3663;;000000000042;Fixa;PC financeira;15:04;Padrao;37,83;06:43:00;10;236,10;93,69 ;6270;83,16 ;80,60 ;75,51 ;;;;;;Roterizada;;;MACEIO (10);[MAC]: JATIUCA (6) / PONTA VERDE (3) / POCO (1);0039168/0078381/0078350/0034712/0049401/0044112/0030402/0034209/0013227/0045728;;
141 ;CDD MACEIO;10;HORIZONTE EXPRESS TRANSPORTES LTDA;15/09/2026;Sim;574203;10;21:20:40;Rota;01;VUC;PDB2833;;000000000362;Fixa;PC financeira;18:42;Padrao;47,04;09:17:00;26;183,08;72,65 ;4658;61,78 ;100,00;72,65 ;;;;;;Roterizada;;;MACEIO (26);[MAC]: PAJUCARA (7) / PONTA DA TERRA (7) / PONTA VERDE (7) / POCO (5);0078569/0040880/0048134/0040416/0048333/0040589/0041569/0050228/0012638/0048410/0012937/0040548/0035578/0034315/0042102/0025783/0038738/0046624/0049502/0015448/0032619/0077298/0050072/0044499/0031572/0046789;;
141 ;CDD MACEIO;10;HORIZONTE EXPRESS TRANSPORTES LTDA;15/09/2026;Sim;574204;10;21:21:11;Rota;01;Truck;QYD6020;;000000000296;Fixa;PC financeira;15:47;Recarga;34,62;06:01:00;5;195,46;46,53 ;4820;38,32 ;72,20 ;33,59 ;;;;;;Roterizada;;;MACEIO (5);[MAC]: JATIUCA (5);0041849/0026038/0041991/0041600/0018408;;
141 ;CDD MACEIO;10;HORIZONTE EXPRESS TRANSPORTES LTDA;15/09/2026;Sim;574205;10;21:21:44;Rota;01;Truck;QYD5790;;000000000296;Fixa;PC financeira;16:03;Rota Gradativa ;21,26;07:07:00;14;160,30;38,16 ;4239;33,70 ;85,40 ;32,58 ;;;;;;Roterizada;;;MACEIO (14);[MAC]: SANTOS DUMONT (12) / BENESITO BENTES II (1) / OSVALDO CRUZ (1);0033673/0023143/0041405/0036557/0033547/0041746/0023070/0031192/0029753/0033850/0038221/0047841/0030256/0031515;;
141 ;CDD MACEIO;10;HORIZONTE EXPRESS TRANSPORTES LTDA;15/09/2026;Sim;574206;10;21:22:17;Rota;01;Toco;PCA8H54;;000000000004;Fixa;PC financeira;14:35;Padrao;39,47;09:08:00;30;256,62;67,88 ;6960;55,33 ;100,00;67,88 ;;;;;;Roterizada;;;MACEIO (30);[MAC]: BENESITO BENTES II (15) / ANTARES (6) / CIDADE UNIVERSITARIA (6) / FAROL (1) / JACARECICA (1) / TABULEIRO DO MARTINS (1);0048323/0040184/0039193/0048973/0076388/0025318/0049309/0050096/0045589/0047555/0047782/0047349/0046998/0020658/0032051/0035425/0042928/0050256/0028492/0041870/0037680/0045487/0044066/0030421/0077353/0032783/0040239/0046357/0028762/0049589;;
141 ;CDD MACEIO;10;HORIZONTE EXPRESS TRANSPORTES LTDA;15/09/2026;Sim;574207;10;21:22:49;Rota;01;Truck;DOT6640;;000000000043;Fixa;PC financeira;17:51;Padrao;36,82;09:12:00;13;188,14;44,79 ;5084;40,80 ;100,00;44,79 ;;;;;;Roterizada;;;MACEIO (12) / RIO LARGO (1);[MAC]: CIDADE UNIVERSITARIA (9) / SANTOS DUMONT (1) / TABULEIRO DO MARTINS (1) / TABULEIRO DOS MARTINS (1) / [RIO]: PREFEITO ANTONIO LINS DE SOUZA (1);0011196/0011781/0049268/0038678/0038556/0047491/0045825/0028048/0046728/0028058/0045689/0019278/0036651;;
141 ;CDD MACEIO;10;HORIZONTE EXPRESS TRANSPORTES LTDA;15/09/2026;Sim;574208;10;21:23:21;Rota;01;VUC;RUY0H66;;000000000355;Fixa;PC financeira;17:03;Padrao;48,93;07:40:00;30;48,58;69,40 ;1268;86,94 ;92,00 ;79,98 ;;;;;;Roterizada;;;MACEIO (30);[MAC]: BENESITO BENTES II (18) / RIACHO DOCE (9) / CENTRO (1) / JACARECICA (1) / BENEDITO BENTES 1 (1);0048309/0022651/0022543/0017275/0048528/0049383/0036906/0047372/0078401/0039484/0049964/0019330/0044108/0047463/0041800/0040426/0049558/0030420/0045059/0044610/0046154/0038467/0042025/0026397/0050368/0035403/0076707/0078691/0076709/0045788;;
141 ;CDD MACEIO;10;HORIZONTE EXPRESS TRANSPORTES LTDA;15/09/2026;Não;574217;10;00:00:00;Rota;01;Truck;MUZ4C85;;000000000041;Freteiro;PC financeira;06:10;Padrao;0,00;00:00:00;1;494,00;98,01 ;13640;92,78 ;100,00;98,01 ;;;;;;Roterizada;;;MACEIO (1);[MAC]: FAROL (1);0035450;;
141 ;CDD MACEIO;10;HORIZONTE EXPRESS TRANSPORTES LTDA;15/09/2026;Não;574218;10;00:00:00;Rota;01;Truck;HZB8033;;000000008033;Freteiro;PC financeira;18:46;Padrao;0,00;00:00:00;1;231,16;45,86 ;6590;50,62 ;0,00;0,00;;;;;;Roterizada;;;MACEIO (1);[MAC]: FAROL (1);0035450;;
141 ;CDD MACEIO;10;HORIZONTE EXPRESS TRANSPORTES LTDA;15/09/2026;Sim;574219;10;13:29:40;Rota;01;Truck;HZB8033;;000000008033;Freteiro;PC financeira;20:33;Padrao;0,00;00:00:00;1;20,80;4,12;577;4,43;0,00;0,00;;;;;;Roterizada;;;MACEIO (1);[MAC]: FAROL (1);0035450;;
141 ;CDD MACEIO;10;HORIZONTE EXPRESS TRANSPORTES LTDA;15/09/2026;Sim;574220;10;13:30:12;Rota;01;Truck;MUZ4C85;;000000000041;Freteiro;PC financeira;16:15;Padrao;0,00;00:00:00;1;20,80;4,12;577;3,92;0,00;0,00;;;;;;Roterizada;;;MACEIO (1);[MAC]: FAROL (1);0035450;;
141 ;CDD MACEIO;10;HORIZONTE EXPRESS TRANSPORTES LTDA;16/09/2026;Sim;574228;10;20:42:56;Rota;01;VUC;PDB3873;;000000000030;Fixa;PC financeira;14:57;Padrao;48,49;08:44:00;11;251,80;99,92 ;4740;62,87 ;100,00;99,92 ;;;;;;Roterizada;;;MACEIO (11);[MAC]: JACINTINHO (5) / CRUZ DAS ALMAS (2) / CENTRO (1) / JATIUCA (1) / GARCA TORTA (1) / GUAXUMA (1);0041302/0049473/0046896/0044605/0017401/0023811/0033770/0047485/0044068/0046051/0048075;;
141 ;CDD MACEIO;10;HORIZONTE EXPRESS TRANSPORTES LTDA;16/09/2026;Sim;574229;10;20:43:29;Rota;01;VUC;PDB2023;;000000000132;Fixa;PC financeira;14:49;Padrao;76,46;09:17:00;12;192,66;76,45 ;4602;61,04 ;100,00;76,45 ;;;;;;Roterizada;;;MACEIO (6) / PARIPUEIRA (6);[MAC]: IPIOCA (4) / RIACHO DOCE (1) / PESCARIA (1) / [PAR]: CENTRO (5) / LOTEAMENTO SOL DE VERAO (1);0039650/0045035/0037638/0046086/0042348/0042931/0038399/0043660/0048104/0030941/0043929/0049913;;
141 ;CDD MACEIO;10;HORIZONTE EXPRESS TRANSPORTES LTDA;16/09/2026;Sim;574230;10;20:44:02;Rota;01;VUC;PDB2783;;000000000257;Fixa;PC financeira;16:22;Padrao;45,44;09:11:00;12;235,02;93,26 ;5944;78,83 ;100,00;93,26 ;;;;;;Roterizada;;;MACEIO (12);[MAC]: PONTA VERDE (7) / JATIUCA (2) / JARAGUA (1) / PAJUCARA (1) / PONTA DA TERRA (1);0050426/0050369/0025727/0040043/0025533/0013399/0031604/0020507/0049052/0047694/0043772/0031383;;
141 ;CDD MACEIO;10;HORIZONTE EXPRESS TRANSPORTES LTDA;16/09/2026;Sim;574231;10;20:44:35;Rota;01;VUC;RUY0H69;;000000000053;Fixa;PC financeira;14:25;Padrao;62,41;08:50:00;17;55,69;79,55 ;1454;99,66 ;100,00;99,66 ;;;;;;Roterizada;;;MACEIO (17);[MAC]: SANTA LUCIA (4) / SANTOS DUMONT (2) / RIO NOVO (2) / TABULEIRO DO MARTINS (2) / CLIMA BOM (2) / CIDADE UNIVERSITARIA (2) / CANAA (1) / CENTRO (1) / CHA DA JAQUEIRA (1);0042929/0034898/0046379/0047611/0042635/0049027/0037544/0050144/0032792/0039234/0078842/0020967/0019278/0099960/0050365/0050001/0037149;;
141 ;CDD MACEIO;10;HORIZONTE EXPRESS TRANSPORTES LTDA;16/09/2026;Sim;574232;10;20:45:07;Rota;01;VUC;RUY0H66;;000000000217;Fixa;PC financeira;14:47;Padrao;56,29;07:54:00;20;52,12;74,45 ;1434;98,30 ;100,00;98,30 ;;;;;;Roterizada;;;MACEIO (20);[MAC]: JACINTINHO (10) / JATIUCA (3) / POCO (3) / PONTA DA TERRA (2) / FEITOSA (1) / RIACHO DOCE (1);0046743/0076219/0047461/0049930/0032440/0047818/0050287/0050072/0030654/0038144/0076958/0032103/0036803/0020534/0038166/0010625/0013738/0050037/0046917/0077448;;
141 ;CDD MACEIO;10;HORIZONTE EXPRESS TRANSPORTES LTDA;16/09/2026;Sim;574233;10;20:45:40;Rota;01;VUC;QYO8A15;;000000000359;Fixa;PC financeira;18:40;Padrao;37,05;09:17:00;8;247,70;98,29 ;7318;97,06 ;100,00;98,29 ;;;;;;Roterizada;;;MACEIO (8);[MAC]: JATIUCA (3) / POCO (3) / JACINTINHO (1) / PONTA VERDE (1);0049129/0049941/0042951/0048859/0045683/0047591/0046791/0076290;;
141 ;CDD MACEIO;10;HORIZONTE EXPRESS TRANSPORTES LTDA;16/09/2026;Sim;574234;10;20:46:13;Rota;01;VUC;PDB4223;;000000000363;Fixa;PC financeira;17:56;Padrao;42,97;09:19:00;16;208,79;82,85 ;5609;74,40 ;100,00;82,85 ;;;;;;Roterizada;;;MACEIO (16);[MAC]: JACINTINHO (7) / FEITOSA (5) / MANGABEIRAS (2) / POCO (2);0010195/0010210/0049625/0026372/0045400/0050400/0022832/0021139/0039637/0044191/0011605/0029472/0076946/0045507/0035860/0043067;;
141 ;CDD MACEIO;10;HORIZONTE EXPRESS TRANSPORTES LTDA;16/09/2026;Sim;574235;10;20:46:47;AS;01;Truck;QYD5420;;000000000100;Fixa;PC financeira;15:54;Padrao;36,28;08:07:00;1;266,99;63,56 ;7345;58,38 ;97,40 ;61,90 ;;;;;;Roterizada;;;MACEIO (1);[MAC]: PONTA VERDE (1);0010935;;
141 ;CDD MACEIO;10;HORIZONTE EXPRESS TRANSPORTES LTDA;16/09/2026;Sim;574236;10;20:47:18;Rota;01;VUC;QYO8B65;;000000000362;Fixa;PC financeira;20:28;Padrao;37,75;09:11:00;16;192,70;76,46 ;5341;57,31 ;100,00;76,46 ;;;;;;Roterizada;;;MACEIO (16);[MAC]: JACINTINHO (6) / FEITOSA (5) / GRUTA DE LOURDES (3) / FAROL (1) / PITANGUINHA (1);0046673/0076893/0036798/0047557/0035927/0046916/0037929/0046333/0039631/0045633/0037332/0049433/0016400/0037138/0076037/0047149;;
141 ;CDD MACEIO;10;HORIZONTE EXPRESS TRANSPORTES LTDA;16/09/2026;Sim;574237;10;20:47:51;Rota;01;VUC;QYQ0H78;;000000000017;Fixa;PC financeira;19:56;Padrao;47,65;09:06:00;16;199,18;79,03 ;5364;71,53 ;100,00;79,03 ;;;;;;Roterizada;;;MACEIO (16);[MAC]: PRADO (5) / FAROL (3) / LEVADA (3) / PONTA GROSSA (2) / TRAPICHE DA BARRA (2) / CENTRO (1);0035262/0048033/0038125/0037846/0048418/0014166/0015544/0029800/0044668/0029491/0046579/0034126/0077905/0042618/0035911/0024344;;
141 ;CDD MACEIO;10;HORIZONTE EXPRESS TRANSPORTES LTDA;16/09/2026;Sim;574238;10;20:48:23;Rota;01;VUC;UHK4I48;;000000000087;Fixa;PC financeira;14:45;Padrao;35,29;07:12:00;2;229,27;90,98 ;6681;88,61 ;86,40 ;78,60 ;;;;;;Roterizada;;;MACEIO (2);[MAC]: LEVADA (2);0041295/0037780;;
141 ;CDD MACEIO;10;HORIZONTE EXPRESS TRANSPORTES LTDA;16/09/2026;Sim;574239;10;20:48:57;Rota;01;Truck;QYD5670;;000000000047;Fixa;PC financeira;15:14;Rota Gradativa ;19,78;07:07:00;11;189,08;45,01 ;5243;41,68 ;85,40 ;38,43 ;;;;;;Roterizada;;;MACEIO (11);[MAC]: BENESITO BENTES II (10) / BENEDITO BENTES (1);0013438/0050390/0036530/0047144/0043536/0050081/0030296/0036676/0044833/0046239/0035227;;
141 ;CDD MACEIO;10;HORIZONTE EXPRESS TRANSPORTES LTDA;16/09/2026;Sim;574240;10;20:49:30;Rota;01;VUC;PDB2683;;000000000106;Fixa;PC financeira;14:52;Padrao;50,39;09:22:00;12;209,93;83,30 ;5728;75,97 ;100,00;83,30 ;;;;;;Roterizada;;;MACEIO (12);[MAC]: CLIMA BOM (4) / CHA DA JAQUEIRA (2) / SANTA AMELIA (2) / PETROPOLIS (2) / LEVADA (1) / SANTO AMARO (1);0050320/0032032/0049143/0043993/0034448/0017200/0041311/0030755/0034433/0078790/0020670/0034792;;
141 ;CDD MACEIO;10;HORIZONTE EXPRESS TRANSPORTES LTDA;16/09/2026;Sim;574241;10;20:50:02;Rota;01;VUC;PDB1563;;000000000034;Fixa;PC financeira;14:39;Padrao;32,95;04:37:00;2;148,20;58,80 ;4171;55,31 ;55,40 ;32,57 ;;;;;;Roterizada;;;MACEIO (2);[MAC]: BARRO DURO (1) / JATIUCA (1);0047267/0038267;;
141 ;CDD MACEIO;10;HORIZONTE EXPRESS TRANSPORTES LTDA;16/09/2026;Sim;574242;10;20:50:35;Rota;01;VUC;PDB2833;;000000000016;Fixa;PC financeira;18:10;Padrao;64,02;09:16:00;15;188,57;74,82 ;5030;66,72 ;100,00;74,82 ;;;;;;Roterizada;;;RIO LARGO (9) / MACEIO (6);[RIO]: TABULEIRO DO PINTO (2) / CENTRO (2) / UTINGA (1) / CONJUNTO MULTIRAO (1) / PARQUE SANTA TEREZA (1) / VILA SAO LOURENCO (1) / "CENTRO " (1) / [MAC]: CIDADE UNIVERSITARIA (6);0048283/0046610/0076992/0042413/0036154/0035433/0024261/0076868/0027295/0077820/0050365/0049969/0042579/0047921/0047885;;
141 ;CDD MACEIO;10;HORIZONTE EXPRESS TRANSPORTES LTDA;16/09/2026;Sim;574243;10;20:51:07;Rota;01;Truck;QYD5790;;000000000224;Fixa;PC financeira;14:24;Rota Gradativa ;32,19;07:15:00;10;129,08;30,73 ;3451;27,43 ;87,00 ;26,73 ;;;;;;Roterizada;;;MACEIO (10);[MAC]: CIDADE UNIVERSITARIA (5) / ANTARES (2) / BENESITO BENTES II (1) / SERRARIA (1) / SANTA LUCIA (1);0076152/0078518/0048415/0048453/0020410/0037304/0045455/0040117/0078471/0049712;;
141 ;CDD MACEIO;10;HORIZONTE EXPRESS TRANSPORTES LTDA;16/09/2026;Sim;574244;10;20:51:40;Rota;01;Truck;DOT6640;;000000000043;Fixa;PC financeira;17:00;Padrao;25,52;09:09:00;10;236,93;56,41 ;6473;51,95 ;100,00;56,41 ;;;;;;Roterizada;;;MACEIO (10);[MAC]: SERRARIA (9) / GRUTA DE LOURDES (1);0045568/0041041/0046865/0076415/0031382/0030767/0041787/0021402/0027322/0026686;;
141 ;CDD MACEIO;10;HORIZONTE EXPRESS TRANSPORTES LTDA;17/09/2026;Sim;574251;11;20:54:09;AS;01;Carreta;RZT0J80;;000000000268;Fixa;PC financeira;14:51;Padrao;20,87;03:41:00;1;587,26;99,87 ;16273;95,28 ;100,00;99,87 ;;;;;;Roterizada;;;MACEIO (1);[MAC]: GRUTA DE LOURDES (1);0040216;;
141 ;CDD MACEIO;10;HORIZONTE EXPRESS TRANSPORTES LTDA;17/09/2026;Sim;574252;11;20:54:40;AS;01;Carreta;RZT1A60;;000000000100;Fixa;PC financeira;17:23;Padrao;20,87;03:27:00;1;544,58;92,61 ;14830;86,82 ;41,40 ;38,34 ;;;;;;Roterizada;;;MACEIO (1);[MAC]: GRUTA DE LOURDES (1);0040216;;
141 ;CDD MACEIO;10;HORIZONTE EXPRESS TRANSPORTES LTDA;17/09/2026;Sim;574253;11;20:55:12;AS;01;Carreta;JBS8I06;;000000000224;Fixa;PC financeira;14:37;Padrao;32,80;07:00:00;1;252,96;43,02 ;6938;40,62 ;84,00 ;36,13 ;;;;;;Roterizada;;;MACEIO (1);[MAC]: JATIUCA (1);0023407;;
141 ;CDD MACEIO;10;HORIZONTE EXPRESS TRANSPORTES LTDA;17/09/2026;Sim;574254;10;20:55:43;Rota;01;Truck;QYD6020;;000000000106;Fixa;PC financeira;16:28;Padrao;37,50;08:46:00;15;201,31;47,93 ;5466;43,45 ;100,00;47,93 ;;;;;;Roterizada;;;MACEIO (15);[MAC]: PINHEIRO (7) / SERRARIA (3) / BARRO DURO (2) / FAROL (1) / GRUTA DE LOURDES (1) / SAO JORGE (1);0076013/0037021/0036050/0031944/0033495/0044550/0077868/0049729/0013138/0049385/0021591/0024587/0049578/0076167/0038839;;
141 ;CDD MACEIO;10;HORIZONTE EXPRESS TRANSPORTES LTDA;17/09/2026;Sim;574255;10;20:56:14;Rota;01;VUC;PDB3873;;000000000030;Fixa;PC financeira;15:36;Padrao;40,17;09:05:00;14;228,17;90,54 ;6220;82,49 ;100,00;90,54 ;;;;;;Roterizada;;;MACEIO (14);[MAC]: JATIUCA (14);0049411/0027904/0048900/0033065/0049169/0047008/0039981/0034708/0046423/0045198/0029368/0027213/0046474/0030004;;
141 ;CDD MACEIO;10;HORIZONTE EXPRESS TRANSPORTES LTDA;17/09/2026;Sim;574256;10;20:56:46;Rota;01;VUC;PDB3663;;000000000262;Fixa;PC financeira;16:52;Padrao;38,02;08:56:00;18;159,63;63,34 ;4399;58,35 ;100,00;63,34 ;;;;;;Roterizada;;;MACEIO (18);[MAC]: JACINTINHO (13) / FEITOSA (5);0046424/0035243/0077670/0038105/0046229/0030372/0044034/0048735/0046635/0028041/0013883/0030193/0046426/0039789/0033125/0043759/0031474/0011715;;
141 ;CDD MACEIO;10;HORIZONTE EXPRESS TRANSPORTES LTDA;17/09/2026;Sim;574257;10;20:57:17;Rota;01;VUC;CYN7662;;000000000171;Freteiro;PC financeira;17:50;Padrao;35,86;09:14:00;26;129,98;92,84 ;3482;91,65 ;100,00;92,84 ;;;;;;Roterizada;;;MACEIO (26);[MAC]: CIDADE UNIVERSITARIA (25) / CENTRO (1);0049274/0041523/0046512/0030908/0033792/0076558/0048707/0036767/0039217/0038835/0077862/0044574/0040444/0078471/0023035/0032241/0076677/0047654/0031795/0048000/0078795/0047631/0046225/0040236/0045559/0040237;;
141 ;CDD MACEIO;10;HORIZONTE EXPRESS TRANSPORTES LTDA;17/09/2026;Sim;574258;10;20:57:50;Rota;01;VUC;PDB2023;;000000000363;Fixa;PC financeira;20:16;Padrao;35,04;09:20:00;15;247,94;98,38 ;6195;82,16 ;100,00;98,38 ;;;;;;Roterizada;;;MACEIO (15);[MAC]: CRUZ DAS ALMAS (7) / GUAXUMA (4) / JACARECICA (3) / CHA DE BEBEDOURO (1);0048755/0030101/0048930/0035801/0046660/0030762/0021298/0042377/0017234/0029756/0044215/0042706/0048710/0039502/0047848;;
141 ;CDD MACEIO;10;HORIZONTE EXPRESS TRANSPORTES LTDA;17/09/2026;Sim;574259;10;20:58:22;Rota;01;Truck;QYD4490;;000000000201;Fixa;PC financeira;14:49;Padrao;49,29;09:14:00;16;204,58;48,70 ;5359;42,60 ;100,00;48,70 ;;;;;;Roterizada;;;RIO LARGO (16);[RIO]: CENTRO (6) / LOTEAMENTO VILA RICA (4) / MATA DO ROLO (3) / CENTRO (1) / VILA MINHA ALDEIA (1) / TABULEIRO DO PINTO CRUZEIRO DO SUL (1);0047653/0046361/0032138/0048283/0032109/0046727/0047005/0045291/0047763/0043060/0025282/0042627/0026692/0047480/0033731/0032225;;
141 ;CDD MACEIO;10;HORIZONTE EXPRESS TRANSPORTES LTDA;17/09/2026;Sim;574260;10;20:58:55;Rota;01;VUC;PDB2783;;000000000061;Fixa;PC financeira;15:39;Padrao;45,71;09:04:00;22;139,52;55,36 ;3716;49,28 ;100,00;55,36 ;;;;;;Roterizada;;;MACEIO (22);[MAC]: JACINTINHO (14) / FEITOSA (4) / CRUZ DAS ALMAS (2) / JATIUCA (2);0049010/0044516/0077912/0048649/0019712/0031508/0034111/0044489/0050338/0033571/0047024/0049087/0029792/0047642/0046826/0029237/0040323/0026154/0018817/0010596/0033981/0046796;;
141 ;CDD MACEIO;10;HORIZONTE EXPRESS TRANSPORTES LTDA;17/09/2026;Sim;574261;10;20:59:28;Rota;01;VUC;PDB2573;;000000000017;Fixa;PC financeira;20:07;Padrao;60,89;09:14:00;18;151,70;60,19 ;4120;54,65 ;100,00;60,19 ;;;;;;Roterizada;;;MACEIO (18);[MAC]: TRAPICHE DA BARRA (7) / PONTAL DA BARRA (5) / VERGEL DO LAGO (4) / PONTA GROSSA (1) / PRADO (1);0077582/0036972/0078189/0037436/0048304/0044974/0039161/0048713/0010830/0047517/0031002/0027793/0036331/0020835/0024006/0037033/0015379/0048387;;
141 ;CDD MACEIO;10;HORIZONTE EXPRESS TRANSPORTES LTDA;17/09/2026;Sim;574262;10;21:00:00;Rota;01;Truck;QYD5300;;000000000350;Fixa;PC financeira;16:22;Padrao;41,20;08:54:00;21;133,53;31,79 ;3583;28,48 ;100,00;31,79 ;;;;;;Roterizada;;;MACEIO (21);[MAC]: SERRARIA (10) / BARRO DURO (8) / SAO JORGE (2) / GRUTA DE LOURDES (1);0048542/0047435/0048943/0038280/0029967/0032654/0045093/0012682/0022497/0049153/0025485/0047518/0046554/0037620/0078113/0027096/0046764/0027134/0078367/0018306/0047410;;
141 ;CDD MACEIO;10;HORIZONTE EXPRESS TRANSPORTES LTDA;17/09/2026;Sim;574263;10;21:00:33;Rota;01;VUC;UHK4I48;;000000000087;Fixa;PC financeira;14:43;Padrao;71,81;09:08:00;20;131,80;52,30 ;3625;48,08 ;100,00;52,30 ;;;;;;Roterizada;;;PARIPUEIRA (11) / MACEIO (8) / BARRA DE SANTO ANTONIO (1);[PAR]: CENTRO (7) / CENTRO (2) / AL101NORTE (1) / JACINTINHO (1) / [MAC]: IPIOCA (4) / GARCA TORTA (2) / RIACHO DOCE (1) / PESCARIA (1) / [BAR]: CENTRO (1);0047453/0023013/0044128/0021967/0019048/0033741/0039407/0077092/0024045/0042230/0031357/0044080/0031018/0043965/0047298/0019387/0018042/0078148/0046774/0042883;;
141 ;CDD MACEIO;10;HORIZONTE EXPRESS TRANSPORTES LTDA;17/09/2026;Sim;574264;10;21:01:06;Rota;01;VUC;PDB0903;;000000000272;Fixa;PC financeira;20:19;Padrao;59,75;09:15:00;11;162,53;64,49 ;4301;57,05 ;100,00;64,49 ;;;;;;Roterizada;;;MACEIO (11);[MAC]: SERRARIA (3) / CIDADE UNIVERSITARIA (3) / BENESITO BENTES II (2) / BARRO DURO (1) / JARAGUA (1) / OURO PRETO (1);0048670/0033800/0050304/0046467/0030993/0045534/0078135/0038321/0035105/0025553/0076140;;
141 ;CDD MACEIO;10;HORIZONTE EXPRESS TRANSPORTES LTDA;17/09/2026;Sim;574265;10;21:01:39;Rota;01;VUC;QYQ0H78;;000000000359;Fixa;PC financeira;16:39;Padrao;46,72;09:15:00;23;130,51;51,78 ;3402;45,36 ;100,00;51,78 ;;;;;;Roterizada;;;MACEIO (23);[MAC]: PAJUCARA (14) / POCO (3) / PONTA DA TERRA (2) / PONTA VERDE (2) / CENTRO (1) / JATIUCA (1);0031402/0048859/0034796/0040581/0038533/0048333/0047369/0010820/0039006/0042747/0050272/0028853/0035141/0034358/0038738/0045903/0027801/0048584/0010186/0031864/0039129/0048899/0048894;;
141 ;CDD MACEIO;10;HORIZONTE EXPRESS TRANSPORTES LTDA;17/09/2026;Sim;574266;10;21:02:11;Rota;01;VUC;SHB4B71;;000000000053;Fixa;PC financeira;15:05;Padrao;40,21;07:11:00;22;53,42;76,31 ;1428;97,17 ;100,00;97,17 ;;;;;;Roterizada;;;MACEIO (22);[MAC]: CHA DE BEBEDOURO (6) / TABULEIRO DO MARTINS (4) / BEBEDOURO (3) / CLIMA BOM (3) / PINHEIRO (2) / CHA DA JAQUEIRA (1) / SANTA AMELIA (1) / PETROPOLIS (1) / TABULEIRO DOS MARTINS (1);0075991/0076559/0036721/0039817/0050255/0049707/0032671/0077436/0021660/0077122/0048337/0032211/0014593/0032275/0028646/0015348/0041426/0078956/0030253/0028643/0021274/0018165;;
141 ;CDD MACEIO;10;HORIZONTE EXPRESS TRANSPORTES LTDA;17/09/2026;Sim;574267;10;21:02:44;Rota;01;VUC;RUY0H68;;000000000217;Fixa;PC financeira;14:44;Padrao;58,25;09:43:00;29;52,42;74,88 ;1447;99,20 ;100,00;99,20 ;;;;;;Roterizada;;;MACEIO (24) / RIO LARGO (5);[MAC]: RIO NOVO (6) / SANTA LUCIA (6) / TABULEIRO DO MARTINS (5) / FERNAO VELHO (4) / CLIMA BOM (1) / CLIMA BOM II (1) / SANTA LUCIA 18C (1) / [RIO]: CENTRO (2) / TABULEIRO DO PINTO (1) / UTINGA (1) / PREFEITO ANTONIO NS DE SOUZA (1);0032919/0042141/0025439/0076758/0042979/0047170/0044261/0077503/0046643/0044794/0076745/0050386/0047717/0037111/0033662/0037655/0045008/0011309/0039984/0048881/0026778/0030953/0046551/0043980/0029358/0033876/0035116/0038062/0048754;;
141 ;CDD MACEIO;10;HORIZONTE EXPRESS TRANSPORTES LTDA;17/09/2026;Sim;574268;10;21:03:16;Rota;01;VUC;RUY0H69;;000000000356;Fixa;PC financeira;16:56;Padrao;46,60;07:14:00;21;46,77;66,81 ;1318;90,34 ;100,00;90,34 ;;;;;;Roterizada;;;MACEIO (21);[MAC]: CRUZ DAS ALMAS (10) / GUAXUMA (4) / JACINTINHO (2) / RIACHO DOCE (2) / SAO JORGE (2) / JACARECICA (1);0037428/0044890/0045988/0029167/0047514/0037251/0050125/0033403/0047429/0050367/0043774/0050166/0048274/0044332/0041617/0034313/0046389/0075988/0048248/0046627/0032703;;
141 ;CDD MACEIO;10;HORIZONTE EXPRESS TRANSPORTES LTDA;17/09/2026;Sim;574269;10;21:03:48;Rota;01;VUC;OHF9C94;;000000000045;Freteiro;PC financeira;17:51;Padrao;38,75;08:51:00;30;55,35;79,07 ;1489;97,37 ;100,00;97,37 ;;;;;;Roterizada;;;MACEIO (30);[MAC]: CIDADE UNIVERSITARIA (19) / BENESITO BENTES II (10) / TABULEIRO DO MARTINS (1);0038678/0024512/0047442/0049769/0046804/0050516/0016992/0023816/0048545/0031124/0047049/0048884/0047278/0050054/0043074/0077253/0047439/0050263/0041683/0041803/0045567/0049914/0026307/0076036/0025622/0032475/0030775/0033241/0042850/0013613;;
141 ;CDD MACEIO;10;HORIZONTE EXPRESS TRANSPORTES LTDA;17/09/2026;Sim;574270;10;21:04:21;Rota;01;Truck;MUZ4C85;;000000000041;Freteiro;PC financeira;05:22;Padrao;4,52;03:44:00;1;373,39;74,08 ;10808;73,52 ;44,80 ;33,18 ;;;;;;Roterizada;;;MACEIO (1);[MAC]: BENESITO BENTES II (1);0025899;;
141 ;CDD MACEIO;10;HORIZONTE EXPRESS TRANSPORTES LTDA;17/09/2026;Sim;574271;10;21:04:54;Rota;01;VUC;RUY0H66;;000000000355;Fixa;PC financeira;18:19;Padrao;66,94;09:18:00;31;51,97;74,24 ;1435;98,37 ;100,00;98,37 ;;;;;;Roterizada;;;MACEIO (31);[MAC]: VERGEL DO LAGO (9) / JACINTINHO (6) / PONTA GROSSA (6) / BOM PARTO (2) / FAROL (2) / PONTAL DA BARRA (2) / TRAPICHE DA BARRA (2) / FEITOSA (1) / POCO (1);0033195/0045155/0028476/0011820/0048637/0049373/0048680/0036460/0047110/0011879/0048712/0077746/0036778/0047075/0078220/0030282/0028029/0043182/0028935/0023997/0046276/0077358/0033761/0047617/0045347/0033995/0042827/0045309/0040055/0078724/0044429;;
141 ;CDD MACEIO;10;HORIZONTE EXPRESS TRANSPORTES LTDA;17/09/2026;Sim;574272;10;21:05:26;Rota;01;Truck;QYD4420;;000000000016;Fixa;PC financeira;17:03;Padrao;48,86;09:15:00;24;190,96;45,46 ;5048;40,12 ;100,00;45,46 ;;;;;;Roterizada;;;RIO LARGO (19) / MACEIO (5);[RIO]: CENTRO (9) / MATA DO ROLO (6) / ANTONIO LINS (1) / RIO LARGO (1) / QD 55 (1) / CONJUNTO PREFEITO ANTONIO LINS DE SOUZA (1) / [MAC]: CIDADE UNIVERSITARIA (5);0050190/0045712/0049764/0038712/0044383/0076352/0046949/0050185/0035047/0076660/0049432/0029894/0047583/0038075/0047297/0043431/0044588/0049690/0050105/0047919/0048763/0043833/0047773/0049287;;
141 ;CDD MACEIO;10;HORIZONTE EXPRESS TRANSPORTES LTDA;17/09/2026;Sim;574273;10;21:05:58;Rota;01;VUC;PDB1563;;000000000192;Fixa;PC financeira;15:15;Padrao;37,98;08:29:00;4;130,62;51,83 ;3675;48,74 ;100,00;51,83 ;;;;;;Roterizada;;;MACEIO (4);[MAC]: CRUZ DAS ALMAS (1) / JACINTINHO (1) / JATIUCA (1) / MANGABEIRAS (1);0076224/0042984/0029155/0047925;;
141 ;CDD MACEIO;10;HORIZONTE EXPRESS TRANSPORTES LTDA;17/09/2026;Sim;574274;10;21:06:31;Rota;01;Truck;DOT6640;;000000000043;Fixa;PC financeira;14:51;Padrao;32,12;08:56:00;21;166,70;39,69 ;4451;35,72 ;100,00;39,69 ;;;;;;Roterizada;;;MACEIO (21);[MAC]: TABULEIRO DO MARTINS (10) / ANTARES (3) / SANTA LUCIA (3) / SERRARIA (2) / CIDADE UNIVERSITARIA (2) / OURO PRETO (1);0035781/0023193/0077652/0047761/0032126/0022095/0034986/0046150/0046557/0034291/0032693/0033744/0078708/0049726/0038791/0033025/0029559/0046099/0029659/0043961/0035875;;
141 ;CDD MACEIO;10;HORIZONTE EXPRESS TRANSPORTES LTDA;17/09/2026;Sim;574275;10;21:07:03;Rota;01;Truck;QYD5790;;000000000298;Fixa;PC financeira;14:42;Rota Gradativa ;13,96;06:15:00;17;120,31;28,64 ;3235;25,72 ;75,00 ;21,48 ;;;;;;Roterizada;;;MACEIO (17);[MAC]: BENESITO BENTES II (13) / POCO (1) / BENEDITO BENTES 2 (1) / BENEDITO BENTES II (1) / BENEDITO BENTES (1);0029777/0035529/0030436/0039643/0047889/0013288/0023756/0016072/0042928/0043581/0026593/0046239/0048686/0014852/0045521/0031241/0027783;;
141 ;CDD MACEIO;10;HORIZONTE EXPRESS TRANSPORTES LTDA;17/09/2026;Sim;574276;10;21:07:36;Rota;01;Truck;UHJ6F39;;000000000296;Fixa;PC financeira;17:54;Padrao;46,93;09:08:00;21;141,20;33,61 ;3912;31,09 ;100,00;33,61 ;;;;;;Roterizada;;;MACEIO (16) / RIO LARGO (5);[MAC]: CLIMA BOM (8) / RIO NOVO (5) / BARRO DURO (1) / TABULEIRO DO MARTINS (1) / TABULEIRO DOS MARTINS (1) / [RIO]: TABULEIRO DO PINTO (1) / CENTRO (1) / UTINGA (1) / SANTOS DUMONT (1) / CONJUNTO HELIO VASCONCELOS (1);0037149/0024676/0077495/0040242/0038492/0035477/0036185/0025308/0041280/0026567/0017510/0042921/0016385/0011851/0028122/0046148/0042988/0042123/0023095/0033631/0077642;;
141 ;CDD MACEIO;10;HORIZONTE EXPRESS TRANSPORTES LTDA;17/09/2026;Sim;574277;10;21:08:08;Rota;01;Truck;QYD5670;;000000000047;Fixa;PC financeira;14:40;Rota Gradativa ;32,28;07:07:00;12;117,56;27,99 ;3200;25,44 ;85,40 ;23,90 ;;;;;;Roterizada;;;MACEIO (12);[MAC]: CHA DE BEBEDOURO (4) / BEBEDOURO (2) / SANTA AMELIA (2) / TABULEIRO DO MARTINS (2) / CENTRO (1) / TABULEIRO DOS MARTINS (1);0043668/0010880/0028982/0030316/0077393/0017253/0042428/0049469/0050200/0033975/0031935/0040516;;
141 ;CDD MACEIO;10;HORIZONTE EXPRESS TRANSPORTES LTDA;17/09/2026;Sim;574278;10;21:08:41;Rota;01;VUC;PDB2833;;000000000044;Fixa;PC financeira;15:45;Padrao;37,11;07:59:00;5;193,71;76,86 ;5437;72,12 ;95,80 ;73,63 ;;;;;;Roterizada;;;MACEIO (5);[MAC]: JATIUCA (5);0078381/0038267/0078978/0049404/0041849;;
141 ;CDD MACEIO;10;HORIZONTE EXPRESS TRANSPORTES LTDA;17/09/2026;Sim;574279;10;21:09:13;Rota;01;VUC;QYO8A15;;000000000358;Fixa;PC financeira;16:45;Padrao;48,16;08:36:00;16;141,13;56,00 ;3441;45,63 ;100,00;56,00 ;;;;;;Roterizada;;;MACEIO (16);[MAC]: PONTA VERDE (6) / JATIUCA (5) / PAJUCARA (2) / POCO (2) / CENTRO (1);0012986/0046465/0018796/0024011/0039606/0045319/0010314/0041402/0024485/0044065/0011701/0078989/0031604/0046624/0043203/0030654;;
141 ;CDD MACEIO;10;HORIZONTE EXPRESS TRANSPORTES LTDA;17/09/2026;Sim;574280;10;21:09:45;Rota;01;VUC;PDB2683;;000000000257;Fixa;PC financeira;18:27;Padrao;51,54;09:13:00;18;143,26;56,84 ;3900;51,73 ;100,00;56,84 ;;;;;;Roterizada;;;MACEIO (18);[MAC]: JACINTINHO (5) / FAROL (4) / VERGEL DO LAGO (3) / BOM PARTO (2) / CRUZ DAS ALMAS (1) / PINHEIRO (1) / POCO (1) / VERGEL (1);0050427/0034124/0042129/0036278/0046653/0077712/0042276/0039571/0018674/0032369/0038877/0025593/0038942/0029379/0037147/0049240/0022077/0077088;;
141 ;CDD MACEIO;10;HORIZONTE EXPRESS TRANSPORTES LTDA;18/09/2026;Sim;574289;10;19:28:46;Rota;01;VUC;PDB2683;;000000000257;Fixa;PC financeira;15:09;Padrao;41,23;09:15:00;8;152,70;60,59 ;4297;56,99 ;100,00;60,59 ;;;;;;Roterizada;;;MACEIO (8);[MAC]: LEVADA (6) / PONTA GROSSA (2);0046498/0049065/0077690/0047748/0032340/0016366/0028061/0036725;;
141 ;CDD MACEIO;10;HORIZONTE EXPRESS TRANSPORTES LTDA;18/09/2026;Sim;574290;10;19:29:19;Rota;01;VUC;PDB4223;;000000000132;Fixa;PC financeira;15:37;Padrao;59,91;08:49:00;11;204,34;81,08 ;5510;73,07 ;100,00;81,08 ;;;;;;Roterizada;;;MACEIO (11);[MAC]: IPIOCA (6) / JACINTINHO (2) / CANAA (1) / RIACHO DOCE (1) / PESCARIA (1);0049066/0034856/0077462/0026681/0032559/0037278/0033730/0037082/0049913/0043067/0032942;;
141 ;CDD MACEIO;10;HORIZONTE EXPRESS TRANSPORTES LTDA;18/09/2026;Sim;574292;10;19:29:53;Rota;01;VUC;PDB0903;;000000000272;Fixa;PC financeira;20:06;Padrao;54,39;09:00:00;14;119,98;47,61 ;3189;42,30 ;100,00;47,61 ;;;;;;Roterizada;;;MACEIO (14);[MAC]: JATIUCA (3) / JARAGUA (2) / PONTA VERDE (2) / PRADO (2) / CRUZ DAS ALMAS (1) / FAROL (1) / GRUTA DE LOURDES (1) / TABULEIRO DO MARTINS (1) / BENEDITO BENTES (1);0049486/0024517/0047426/0048036/0043947/0042554/0050475/0035012/0032400/0075983/0034835/0045976/0047149/0043668;;
141 ;CDD MACEIO;10;HORIZONTE EXPRESS TRANSPORTES LTDA;18/09/2026;Sim;574293;10;19:30:43;Rota;01;VUC;PDB2573;;000000000044;Fixa;PC financeira;18:57;Padrao;56,47;08:59:00;13;170,54;67,67 ;4601;61,02 ;100,00;67,67 ;;;;;;Roterizada;;;MACEIO (13);[MAC]: PONTA GROSSA (6) / TRAPICHE DA BARRA (5) / PONTAL DA BARRA (1) / PRADO (1);0015541/0031573/0044974/0016302/0016208/0026549/0015379/0076102/0034780/0020390/0035910/0034011/0041392;;
141 ;CDD MACEIO;10;HORIZONTE EXPRESS TRANSPORTES LTDA;18/09/2026;Sim;574294;10;19:31:16;Rota;01;Truck;MUZ4C85;;000000000041;Freteiro;PC financeira;15:55;Padrao;34,29;08:25:00;1;449,59;89,20 ;12831;87,29 ;100,00;89,20 ;;;;;;Roterizada;;;MACEIO (1);[MAC]: LEVADA (1);0048418;;
141 ;CDD MACEIO;10;HORIZONTE EXPRESS TRANSPORTES LTDA;18/09/2026;Sim;574295;10;19:31:49;Rota;01;VUC;QYO8B65;;000000000016;Fixa;PC financeira;17:03;Padrao;47,30;09:07:00;13;203,57;80,78 ;5561;59,67 ;100,00;80,78 ;;;;;;Roterizada;;;RIO LARGO (13);[RIO]: CENTRO (5) / MATA DO ROLO (2) / LOTEAMENTO VILA RICA (2) / CENTRO (1) / CONJUNTO MUTIRAO (1) / BARNABE (1) / VILA MINHA ALDEIA (1);0037107/0042443/0045715/0036568/0044299/0044089/0034946/0034722/0047307/0042576/0078407/0049409/0018637;;
141 ;CDD MACEIO;10;HORIZONTE EXPRESS TRANSPORTES LTDA;18/09/2026;Sim;574296;10;19:32:23;Rota;01;VUC;UHK4I48;;000000000087;Fixa;PC financeira;16:38;Padrao;51,80;09:19:00;11;243,39;96,58 ;6640;88,06 ;100,00;96,58 ;;;;;;Roterizada;;;MACEIO (11);[MAC]: IPIOCA (9) / PESCARIA (2);0024471/0048919/0078366/0042201/0041530/0041046/0045035/0039934/0024654/0046664/0039922;;
141 ;CDD MACEIO;10;HORIZONTE EXPRESS TRANSPORTES LTDA;18/09/2026;Sim;574297;10;19:32:56;Rota;01;Truck;UHJ6F39;;000000000296;Fixa;PC financeira;16:35;Padrao;40,11;09:02:00;20;182,95;43,55 ;5033;40,00 ;100,00;43,55 ;;;;;;Roterizada;;;MACEIO (12) / RIO LARGO (8);[MAC]: SANTOS DUMONT (11) / BENESITO BENTES II (1) / [RIO]: TABULEIRO DO PINTO (4) / CENTRO (1) / TABULEIRO DO PINTO (1) / AEROPORTO (1) / LOTEAMENTO VILA RICA (1);0029120/0078440/0076480/0050082/0022009/0049209/0046820/0037037/0046753/0025817/0031085/0035941/0021163/0047360/0020984/0041762/0045964/0042378/0033729/0032568;;
141 ;CDD MACEIO;10;HORIZONTE EXPRESS TRANSPORTES LTDA;18/09/2026;Sim;574298;10;19:33:29;Rota;01;Truck;QYD5670;;000000000047;Fixa;PC financeira;14:35;Rota Gradativa ;34,31;06:39:00;19;79,53;18,93 ;2222;17,66 ;79,80 ;15,10 ;;;;;;Roterizada;;;MACEIO (19);[MAC]: CLIMA BOM (14) / TABULEIRO DO MARTINS (2) / SANTOS DUMONT (1) / RIO NOVO (1) / MACEIO (1);0036505/0037723/0011170/0039297/0025791/0037249/0047284/0026974/0041997/0024529/0045527/0032697/0013534/0034560/0048051/0043621/0044792/0048055/0040160;;
141 ;CDD MACEIO;10;HORIZONTE EXPRESS TRANSPORTES LTDA;18/09/2026;Sim;574299;10;19:34:01;Rota;01;Truck;QYD4490;;000000000201;Fixa;PC financeira;15:35;Padrao;47,60;08:59:00;23;207,03;49,29 ;5551;44,12 ;100,00;49,29 ;;;;;;Roterizada;;;RIO LARGO (23);[RIO]: TABULEIRO DO PINTO (6) / CENTRO (6) / MATA DO ROLO (4) / LOTEAMENTO VILA RICA (3) / CENTRO (1) / CONJUNTO BANDEIRANTE (1) / CONJUNTO NAPOLEAO VIANA (1) / VILA MINHA ALDEIA (1);0042091/0044818/0049067/0042487/0030062/0050110/0049315/0036207/0047172/0041387/0049342/0045629/0048903/0077926/0032801/0049493/0047171/0025586/0037489/0029940/0050080/0044513/0032848;;
141 ;CDD MACEIO;10;HORIZONTE EXPRESS TRANSPORTES LTDA;18/09/2026;Sim;574300;10;19:34:32;Rota;01;Truck;QYD5420;;000000000224;Fixa;PC fisica;15:53;Padrao;22,60;09:18:00;24;210,57;50,13 ;5794;46,05 ;100,00;50,13 ;;;;;;Roterizada;;;MACEIO (24);[MAC]: CIDADE UNIVERSITARIA (20) / TABULEIRO DOS MARTINS (3) / TABULEIRO DO MARTINS (1);0035067/0032756/0016466/0030081/0021515/0031588/0023443/0032296/0037878/0030156/0030689/0048545/0019242/0046876/0032384/0041907/0046342/0049354/0040340/0022948/0076469/0048499/0043629/0048918;;
141 ;CDD MACEIO;10;HORIZONTE EXPRESS TRANSPORTES LTDA;18/09/2026;Sim;574301;10;19:35:03;Rota;01;Truck;QYD4420;;000000000192;Fixa;PC financeira;15:58;Padrao;47,33;09:05:00;25;134,32;31,98 ;3583;28,48 ;100,00;31,98 ;;;;;;Roterizada;;;MACEIO (17) / RIO LARGO (8);[MAC]: CIDADE UNIVERSITARIA (16) / SANTOS DUMONT (1) / [RIO]: TABULEIRO DO PINTO (5) / CENTRO (1) / RIO LARGO (1) / RIACHO DAS PEDRAS (1);0027124/0029482/0047379/0036959/0048803/0078372/0044117/0076052/0044410/0077400/0047124/0076407/0049443/0077543/0038800/0032382/0033549/0033072/0039830/0042263/0028658/0023061/0077290/0026131/0048054;;
141 ;CDD MACEIO;10;HORIZONTE EXPRESS TRANSPORTES LTDA;18/09/2026;Sim;574302;10;19:35:35;Rota;01;Toco;PCA8H54;;000000000004;Fixa;PC financeira;13:48;Padrao;19,62;08:40:00;27;139,32;36,85 ;3772;29,98 ;100,00;36,85 ;;;;;;Roterizada;;;MACEIO (27);[MAC]: CIDADE UNIVERSITARIA (24) / BENESITO BENTES II (1) / TABULEIRO DO MARTINS (1) / TABULEIRO DOS MARTINS (1);0049309/0049852/0040184/0035624/0047272/0049253/0042382/0049692/0047640/0049337/0048056/0041812/0078328/0020557/0049408/0023245/0030715/0050412/0046012/0037019/0049617/0043101/0030684/0076912/0034167/0078023/0019069;;
141 ;CDD MACEIO;10;HORIZONTE EXPRESS TRANSPORTES LTDA;18/09/2026;Sim;574303;10;19:36:06;Rota;01;VUC;SHB4B71;;000000000053;Fixa;PC financeira;15:44;Padrao;45,04;09:04:00;27;51,80;74,00 ;1431;97,36 ;100,00;97,36 ;;;;;;Roterizada;;;MACEIO (27);[MAC]: PETROPOLIS (8) / CLIMA BOM (7) / TABULEIRO DO MARTINS (5) / SANTA AMELIA (3) / CHA DA JAQUEIRA (2) / CHA DE BEBEDOURO (1) / JARDIM PETROPOLIS (1);0030865/0047152/0046685/0010877/0044498/0027486/0050010/0045827/0076319/0010900/0042565/0077393/0049739/0040441/0050029/0038095/0078892/0042485/0027408/0030057/0048314/0049235/0016507/0048034/0048969/0030275/0026567;;
141 ;CDD MACEIO;10;HORIZONTE EXPRESS TRANSPORTES LTDA;18/09/2026;Sim;574304;10;19:36:37;Rota;01;VUC;RUY0H68;;000000000356;Fixa;PC financeira;14:56;Padrao;59,18;08:33:00;20;53,11;75,87 ;1433;98,23 ;100,00;98,23 ;;;;;;Roterizada;;;MACEIO (19) / RIO LARGO (1);[MAC]: SANTA LUCIA (8) / TABULEIRO DO MARTINS (3) / SANTOS DUMONT (2) / TABULEIRO DOS MARTINS (2) / BENESITO BENTES II (1) / CHA DA JAQUEIRA (1) / CLIMA BOM (1) / JARDIM PETROPOLIS (1) / [RIO]: TABULEIRO DO PINTO (1);0034270/0046235/0020649/0026169/0047905/0041459/0037070/0037255/0078339/0019129/0045803/0029450/0033473/0076511/0012511/0030122/0044734/0034990/0045423/0036210;;
141 ;CDD MACEIO;10;HORIZONTE EXPRESS TRANSPORTES LTDA;18/09/2026;Sim;574305;10;19:37:09;Rota;01;Truck;QYD5790;;000000000298;Fixa;PC financeira;13:55;Rota Gradativa ;16,60;06:27:00;20;109,57;26,08 ;3036;24,13 ;77,40 ;20,18 ;;;;;;Roterizada;;;MACEIO (20);[MAC]: BENESITO BENTES II (18) / TRAPICHE DA BARRA (1) / UTINGA LEAO (1);0041824/0032029/0014419/0049532/0041694/0033153/0042606/0043270/0033842/0033863/0038376/0078136/0042379/0048443/0039333/0034795/0045193/0044698/0038380/0045438;;
141 ;CDD MACEIO;10;HORIZONTE EXPRESS TRANSPORTES LTDA;18/09/2026;Sim;574306;10;19:37:41;Rota;01;VUC;RUY0H66;;000000000355;Fixa;PC financeira;18:14;Padrao;50,67;08:28:00;31;52,76;75,37 ;1378;94,45 ;100,00;94,45 ;;;;;;Roterizada;;;MACEIO (31);[MAC]: PONTA GROSSA (12) / CENTRO (7) / LEVADA (7) / PRADO (2) / BOM PARTO (1) / JARAGUA (1) / TRAPICHE DA BARRA (1);0041289/0044741/0024344/0012062/0023732/0050250/0050258/0048678/0026124/0044205/0024337/0041657/0077601/0026325/0045506/0032570/0048078/0046628/0015544/0048165/0020423/0078487/0031744/0042581/0038650/0037538/0026516/0047938/0047286/0077010/0040143;;
141 ;CDD MACEIO;10;HORIZONTE EXPRESS TRANSPORTES LTDA;18/09/2026;Sim;574307;10;19:38:11;Rota;01;Truck;QYD6020;;000000000106;Fixa;PC financeira;13:47;Padrao;32,57;08:58:00;15;201,89;48,06 ;5558;44,18 ;100,00;48,06 ;;;;;;Roterizada;;;MACEIO (15);[MAC]: PETROPOLIS (11) / CHA DA JAQUEIRA (2) / BEBEDOURO (1) / TABULEIRO DO MARTINS (1);0049628/0033170/0047060/0019641/0041311/0021989/0076062/0048631/0049338/0044590/0024699/0016262/0045918/0078472/0034592;;
141 ;CDD MACEIO;10;HORIZONTE EXPRESS TRANSPORTES LTDA;18/09/2026;Sim;574308;10;19:38:42;Rota;01;VUC;PDB3873;;000000000030;Fixa;PC financeira;16:10;Padrao;44,22;09:02:00;16;182,20;72,30 ;4343;57,60 ;100,00;72,30 ;;;;;;Roterizada;;;MACEIO (16);[MAC]: PONTA VERDE (9) / JATIUCA (5) / CRUZ DAS ALMAS (1) / POCO (1);0046423/0036992/0013227/0045706/0038732/0036607/0034222/0040575/0047694/0035935/0048334/0014588/0050228/0013559/0032849/0047726;;
141 ;CDD MACEIO;10;HORIZONTE EXPRESS TRANSPORTES LTDA;18/09/2026;Sim;574309;10;19:39:14;Rota;01;Truck;QYD5300;;000000000350;Fixa;PC financeira;15:40;Padrao;36,51;09:18:00;19;193,34;46,03 ;5498;43,70 ;100,00;46,03 ;;;;;;Roterizada;;;MACEIO (19);[MAC]: BARRO DURO (7) / SAO JORGE (4) / SERRARIA (3) / CANAA (2) / OURO PRETO (2) / GRUTA DE LOURDES (1);0042774/0050420/0049265/0042674/0049662/0044594/0046714/0049259/0048791/0043065/0046833/0012666/0033459/0030767/0021861/0046776/0031476/0048109/0026461;;
141 ;CDD MACEIO;10;HORIZONTE EXPRESS TRANSPORTES LTDA;18/09/2026;Sim;574310;10;19:39:46;Rota;01;VUC;RUY0H69;;000000000217;Fixa;PC financeira;16:51;Padrao;55,59;09:13:00;31;53,49;76,41 ;1413;96,89 ;100,00;96,89 ;;;;;;Roterizada;;;MACEIO (31);[MAC]: JACINTINHO (14) / PONTA VERDE (5) / MANGABEIRAS (4) / JATIUCA (3) / FEITOSA (1) / GRUTA DE LOURDES (1) / PITANGUINHA (1) / POCO (1) / TAB.DO PINTO (1);0039190/0044552/0049155/0011543/0044445/0048880/0048058/0034727/0036678/0044699/0034309/0041213/0010524/0037859/0045841/0048169/0049356/0026140/0076986/0077143/0011362/0049667/0046985/0048067/0043025/0045165/0047465/0012764/0042412/0040266/0076037;;
141 ;CDD MACEIO;10;HORIZONTE EXPRESS TRANSPORTES LTDA;18/09/2026;Sim;574311;10;19:40:16;Rota;01;VUC;OHF9C94;;000000000045;Freteiro;PC financeira;17:59;Padrao;51,19;08:52:00;26;49,76;71,08 ;1378;90,08 ;100,00;90,08 ;;;;;;Roterizada;;;MACEIO (26);[MAC]: SANTA LUCIA (8) / SAO JORGE (4) / BARRO DURO (3) / SERRARIA (2) / TABULEIRO DO MARTINS (2) / JARDIM PETROPOLIS (2) / ANTARES (1) / CANAA (1) / JACARECICA (1) / SANTO AMARO (1) / CIDADE UNIVERSITARIA (1);0039366/0049923/0045443/0043900/0041409/0035070/0038091/0041614/0050408/0047260/0078955/0026211/0046046/0049043/0036351/0041159/0046559/0038627/0030966/0034764/0049322/0047967/0044769/0031968/0049393/0048699;;
141 ;CDD MACEIO;10;HORIZONTE EXPRESS TRANSPORTES LTDA;18/09/2026;Sim;574312;10;19:40:48;Rota;01;VUC;CYN7662;;000000000171;Freteiro;PC financeira;17:20;Padrao;24,64;07:37:00;26;138,50;98,92 ;3701;97,40 ;100,00;98,92 ;;;;;;Roterizada;;;MACEIO (26);[MAC]: BENESITO BENTES II (21) / CIDADE UNIVERSITARIA (2) / BENEDITO BENTES (2) / TAB DOS MARTINS (1);0048813/0076913/0035655/0030251/0031017/0049329/0041592/0041480/0042016/0024025/0020010/0044067/0035426/0011796/0010973/0016309/0041655/0010989/0039399/0016675/0011971/0021717/0078837/0049757/0035216/0029121;;
141 ;CDD MACEIO;10;HORIZONTE EXPRESS TRANSPORTES LTDA;18/09/2026;Sim;574313;10;19:41:20;Rota;01;VUC;QYO8A15;;000000000363;Fixa;PC financeira;17:23;Padrao;43,52;09:00:00;15;148,60;58,96 ;4036;53,53 ;100,00;58,96 ;;;;;;Roterizada;;;MACEIO (15);[MAC]: POCO (7) / PAJUCARA (3) / JARAGUA (2) / JATIUCA (1) / PONTA VERDE (1) / PETROPOLIS (1);0011632/0040097/0020645/0015545/0021348/0018789/0010204/0048333/0012051/0022153/0037031/0022745/0049340/0048247/0031402;;
141 ;CDD MACEIO;10;HORIZONTE EXPRESS TRANSPORTES LTDA;18/09/2026;Sim;574314;10;19:41:52;Rota;01;VUC;PDB3663;;000000000100;Fixa;PC financeira;18:21;Padrao;41,40;08:50:00;17;145,66;57,80 ;3940;52,25 ;100,00;57,80 ;;;;;;Roterizada;;;MACEIO (17);[MAC]: JACINTINHO (16) / CRUZ DAS ALMAS (1);0029804/0033887/0048411/0038749/0077002/0038801/0035359/0039046/0048827/0045616/0036880/0041380/0022367/0042223/0026823/0040129/0046389;;
141 ;CDD MACEIO;10;HORIZONTE EXPRESS TRANSPORTES LTDA;18/09/2026;Sim;574315;10;19:42:24;Rota;01;VUC;PDB3I13;;000000000017;Fixa;PC financeira;15:58;Padrao;41,26;09:03:00;12;225,01;89,28 ;6132;81,33 ;100,00;89,28 ;;;;;;Roterizada;;;MACEIO (12);[MAC]: LEVADA (7) / FAROL (2) / POCO (2) / CENTRO (1);0046390/0023882/0032465/0026517/0044728/0041295/0038619/0037780/0011993/0039791/0047831/0037280;;
141 ;CDD MACEIO;10;HORIZONTE EXPRESS TRANSPORTES LTDA;18/09/2026;Sim;574316;10;19:42:56;Rota;01;Truck;QYD6020;;000000000106;Fixa;PC financeira;16:21;Recarga;19,29;01:45:00;1;45,89;10,92 ;1393;11,07 ;21,00 ;2,32;;;;;;Roterizada;;;MACEIO (1);[MAC]: TABULEIRO DO MARTINS (1);0045704;;
141 ;CDD MACEIO;10;HORIZONTE EXPRESS TRANSPORTES LTDA;18/09/2026;Sim;574317;10;19:43:29;Rota;01;VUC;PDB2783;;000000000042;Fixa;PC financeira;21:57;Padrao;37,72;08:41:00;13;178,80;70,95 ;4483;59,46 ;100,00;70,95 ;;;;;;Roterizada;;;MACEIO (13);[MAC]: JATIUCA (12) / MANGABEIRAS (1);0049033/0050146/0078381/0038267/0078978/0044376/0047371/0049428/0026038/0029204/0031122/0047299/0018408;;
141 ;CDD MACEIO;10;HORIZONTE EXPRESS TRANSPORTES LTDA;18/09/2026;Sim;574318;10;19:44:01;Rota;01;Toco;PCA8H54;;000000000004;Fixa;PC financeira;19:05;Recarga;12,97;04:57:00;1;199,03;52,65 ;5418;43,06 ;59,40 ;31,27 ;;;;;;Roterizada;;;MACEIO (1);[MAC]: SANTA LUCIA (1);0037295;;
141 ;CDD MACEIO;10;HORIZONTE EXPRESS TRANSPORTES LTDA;18/09/2026;Sim;574319;10;19:44:34;Rota;01;VUC;PDB3703;;000000000061;Fixa;PC financeira;16:18;Padrao;37,51;09:05:00;14;145,75;57,83 ;3508;46,53 ;100,00;57,83 ;;;;;;Roterizada;;;MACEIO (14);[MAC]: JACINTINHO (9) / MANGABEIRAS (5);0049950/0027335/0030769/0037014/0035383/0028037/0031917/0013685/0023289/0045400/0046067/0045537/0015278/0040508;;
141 ;CDD MACEIO;10;HORIZONTE EXPRESS TRANSPORTES LTDA;18/09/2026;Sim;574320;10;19:45:06;Rota;01;VUC;QYQ0H78;;000000000043;Fixa;PC financeira;17:13;Padrao;27,61;09:12:00;25;197,86;78,51 ;5342;71,23 ;100,00;78,51 ;;;;;;Roterizada;;;MACEIO (25);[MAC]: SANTA LUCIA (13) / TABULEIRO DO MARTINS (10) / ANTARES (1) / JARDIM PETROPOLIS (1);0038190/0045499/0037584/0022883/0042635/0077001/0040071/0042256/0018959/0077164/0047341/0046433/0032016/0099937/0034996/0076522/0034458/0048620/0049580/0028991/0012519/0025823/0022508/0078723/0011604;;
141 ;CDD MACEIO;10;HORIZONTE EXPRESS TRANSPORTES LTDA;18/09/2026;Sim;574321;10;19:45:38;Rota;01;VUC;PDB1563;;000000000362;Fixa;PC financeira;15:42;Padrao;25,61;09:08:00;27;181,79;72,13 ;4907;65,08 ;100,00;72,13 ;;;;;;Roterizada;;;MACEIO (27);[MAC]: BENESITO BENTES II (20) / CIDADE UNIVERSITARIA (5) / ANTARES (1) / TABULEIRO DO MARTINS (1);0032891/0029050/0050045/0030494/0049037/0049920/0038697/0078067/0030701/0030787/0047787/0035728/0045553/0040126/0032806/0035538/0030720/0030727/0076179/0046189/0077725/0041797/0035227/0076953/0021712/0035474/0048797;;
141 ;CDD MACEIO;10;HORIZONTE EXPRESS TRANSPORTES LTDA;18/09/2026;Sim;574322;10;19:46:10;Rota;01;VUC;PDB2023;;000000000359;Fixa;PC financeira;19:37;Noturno;32,57;09:03:00;18;190,27;75,50 ;5156;68,38 ;100,00;75,50 ;;;;;;Roterizada;;;MACEIO (18);[MAC]: SANTOS DUMONT (6) / TABULEIRO DO MARTINS (4) / SANTA AMELIA (3) / CLIMA BOM (3) / SANTO AMARO (2);0035717/0042885/0028850/0039256/0043246/0037480/0037012/0048238/0037259/0043993/0034157/0020720/0036902/0011839/0030560/0046473/0020670/0027601;;
141 ;CDD MACEIO;10;HORIZONTE EXPRESS TRANSPORTES LTDA;19/09/2026;Sim;574338;11;20:06:05;AS;01;Carreta;RZT0J80;;000000000050;Fixa;PC financeira;14:12;Padrao;16,24;07:26:00;1;507,40;86,29 ;12631;73,95 ;89,20 ;76,97 ;;;;;;Roterizada;;;MACEIO (1);[MAC]: TABULEIRO DOS MARTINS (1);0036920;;
141 ;CDD MACEIO;10;HORIZONTE EXPRESS TRANSPORTES LTDA;19/09/2026;Sim;574339;11;20:06:38;AS;01;Carreta;JBS8I06;;000000000268;Fixa;Saída portaria;08:35;Padrao;33,02;08:16:00;3;420,20;71,46 ;11138;65,21 ;99,20 ;70,88 ;;;;;;Roterizada;;;MACEIO (3);[MAC]: CRUZ DAS ALMAS (1) / MANGABEIRAS (1) / SERRARIA (1);0022781/0040217/0022779;;
141 ;CDD MACEIO;10;HORIZONTE EXPRESS TRANSPORTES LTDA;19/09/2026;Sim;574340;10;20:36:02;Rota;01;VUC;QYO8A15;;000000000358;Fixa;PC financeira;16:43;Padrao;44,77;09:08:00;17;164,93;65,44 ;4260;56,50 ;100,00;65,44 ;;;;;;Roterizada;;;MACEIO (17);[MAC]: JACINTINHO (6) / POCO (5) / JATIUCA (2) / PAJUCARA (2) / MANGABEIRAS (1) / TABULEIRO DO MARTINS (1);0049544/0038267/0078978/0020166/0034868/0049618/0020051/0035918/0049768/0010210/0040721/0049192/0038019/0049910/0026829/0020343/0043397;;
141 ;CDD MACEIO;10;HORIZONTE EXPRESS TRANSPORTES LTDA;19/09/2026;Sim;574341;10;20:36:34;Rota;01;VUC;PDB2683;;000000000257;Fixa;PC financeira;15:44;Padrao;41,46;09:10:00;15;156,65;62,16 ;4313;57,21 ;100,00;62,16 ;;;;;;Roterizada;;;MACEIO (15);[MAC]: PRADO (12) / CENTRO (1) / PONTA GROSSA (1) / TRAPICHE DA BARRA (1);0028119/0048368/0027116/0028242/0031774/0041599/0076560/0043992/0050382/0016159/0036869/0041857/0034182/0048873/0076858;;
141 ;CDD MACEIO;10;HORIZONTE EXPRESS TRANSPORTES LTDA;19/09/2026;Sim;574342;10;20:37:07;Rota;01;VUC;CYN7662;;000000000171;Freteiro;PC financeira;13:34;Padrao;28,16;07:22:00;16;129,34;92,38 ;3594;94,59 ;100,00;94,59 ;;;;;;Roterizada;;;MACEIO (16);[MAC]: CIDADE UNIVERSITARIA (16);0047800/0046402/0038836/0036552/0041744/0049669/0077619/0045073/0034779/0045138/0044494/0045974/0042610/0043403/0044664/0078142;;
141 ;CDD MACEIO;10;HORIZONTE EXPRESS TRANSPORTES LTDA;19/09/2026;Sim;574343;10;20:37:39;Rota;01;VUC;PDB2023;;000000000359;Fixa;PC financeira;18:15;Padrao;45,76;09:02:00;14;192,07;76,21 ;4936;65,46 ;100,00;76,21 ;;;;;;Roterizada;;;MACEIO (14);[MAC]: JATIUCA (10) / PONTA VERDE (4);0037234/0012986/0020499/0034209/0039825/0049428/0050426/0047591/0042903/0013399/0040043/0039332/0042998/0041723;;
141 ;CDD MACEIO;10;HORIZONTE EXPRESS TRANSPORTES LTDA;19/09/2026;Sim;574344;10;20:38:12;Rota;01;VUC;QYO8B65;;000000000016;Fixa;PC financeira;17:19;Padrao;46,21;08:42:00;16;213,46;84,70 ;5662;60,75 ;100,00;84,70 ;;;;;;Roterizada;;;RIO LARGO (16);[RIO]: CENTRO (10) / ALTO SAO MIGUEL (2) / MATA DO ROLO (1) / ALTO GINASIO (1) / TABULEIRO DO PINTO CRUZEIRO DO SUL (1) / AEROPORTO VELHO (1);0048315/0042818/0042882/0029503/0023122/0034723/0047045/0028789/0041916/0019529/0035109/0047293/0031236/0040207/0035202/0049148;;
141 ;CDD MACEIO;10;HORIZONTE EXPRESS TRANSPORTES LTDA;19/09/2026;Sim;574345;10;20:38:44;Rota;01;Truck;QYD5670;;000000000056;Fixa;PC financeira;14:18;Rota Gradativa ;21,82;04:37:00;11;110,13;26,22 ;3010;23,92 ;55,40 ;14,52 ;;;;;;Roterizada;;;MACEIO (11);[MAC]: CLIMA BOM (8) / TABULEIRO DO MARTINS (2) / SANTOS DUMONT (1);0030064/0027962/0036150/0038111/0047476/0047002/0076468/0035387/0034548/0035058/0020967;;
141 ;CDD MACEIO;10;HORIZONTE EXPRESS TRANSPORTES LTDA;19/09/2026;Sim;574346;10;20:39:17;Rota;01;VUC;PDB1563;;000000000061;Fixa;PC financeira;17:31;Padrao;40,37;09:16:00;18;222,62;88,34 ;6036;80,06 ;100,00;88,34 ;;;;;;Roterizada;;;MACEIO (18);[MAC]: JACINTINHO (8) / FEITOSA (4) / CRUZ DAS ALMAS (3) / SAO JORGE (3);0044729/0046249/0046157/0033135/0035045/0032355/0077657/0023210/0030241/0023612/0033879/0050121/0042728/0031709/0036284/0041585/0076893/0031877;;
141 ;CDD MACEIO;10;HORIZONTE EXPRESS TRANSPORTES LTDA;19/09/2026;Sim;574347;10;20:39:49;Rota;01;VUC;PDB3663;;000000000002;Fixa;PC financeira;18:21;Padrao;37,53;08:56:00;13;220,41;87,46 ;6034;80,02 ;100,00;87,46 ;;;;;;Roterizada;;;MACEIO (13);[MAC]: JACINTINHO (5) / CANAA (4) / BARRO DURO (1) / FEITOSA (1) / GRUTA DE LOURDES (1) / SAO JORGE (1);0050067/0030144/0047197/0047323/0044034/0030935/0048594/0008513/0030767/0036981/0031941/0039567/0017203;;
141 ;CDD MACEIO;10;HORIZONTE EXPRESS TRANSPORTES LTDA;19/09/2026;Sim;574348;10;20:40:22;Rota;01;VUC;PDB2573;;000000000192;Fixa;PC financeira;17:17;Padrao;47,39;08:56:00;28;121,32;48,14 ;3341;44,32 ;100,00;48,14 ;;;;;;Roterizada;;;MACEIO (28);[MAC]: TRAPICHE DA BARRA (18) / PRADO (6) / PONTA GROSSA (2) / CENTRO (1) / PETROPOLIS (1);0050326/0048770/0013012/0043132/0041675/0010135/0024288/0050506/0028195/0044673/0045588/0021527/0046884/0050258/0036436/0046243/0046368/0014733/0016302/0040613/0027793/0044389/0022474/0031926/0078476/0010712/0036979/0030811;;
141 ;CDD MACEIO;10;HORIZONTE EXPRESS TRANSPORTES LTDA;19/09/2026;Sim;574349;10;20:40:53;Rota;01;Toco;PCA8H54;;000000000004;Fixa;PC financeira;14:57;Padrao;61,02;09:00:00;16;167,07;44,19 ;4558;36,23 ;100,00;44,19 ;;;;;;Roterizada;;;RIO LARGO (16);[RIO]: CENTRO (5) / TABULEIRO DO PINTO (4) / CONJUNTO BANDEIRANTE (3) / ANTONIO LINS DE SOUZA (1) / CONJUNTO MUTIRAO (1) / LOTEAMENTO VILA RICA (1) / TABULEIRO DO PINTO CRUZEIRO DO SUL (1);0032109/0041414/0045975/0034978/0045718/0047207/0023032/0018601/0037362/0049174/0044906/0049751/0030318/0049201/0048440/0049749;;
141 ;CDD MACEIO;10;HORIZONTE EXPRESS TRANSPORTES LTDA;19/09/2026;Sim;574350;10;20:41:26;Rota;01;VUC;PDB3703;;000000000044;Fixa;Saída portaria;09:21;Padrao;42,67;09:16:00;18;211,13;83,78 ;5857;77,68 ;100,00;83,78 ;;;;;;Roterizada;;;MACEIO (17) / RIO LARGO (1);[MAC]: VERGEL DO LAGO (14) / PONTA GROSSA (3) / [RIO]: MATA DO ROLO (1);0033315/0036706/0030748/0032748/0048992/0078102/0035833/0032072/0028913/0049261/0078849/0047084/0028257/0014566/0046653/0039570/0028935/0076838;;
141 ;CDD MACEIO;10;HORIZONTE EXPRESS TRANSPORTES LTDA;19/09/2026;Sim;574351;10;20:41:59;Rota;01;VUC;UHK4I48;;000000000087;Fixa;PC financeira;15:16;Padrao;65,88;09:02:00;20;125,61;49,84 ;3438;45,59 ;100,00;49,84 ;;;;;;Roterizada;;;MACEIO (20);[MAC]: IPIOCA (9) / PESCARIA (4) / CRUZ DAS ALMAS (2) / SAO JORGE (2) / JACARECICA (1) / CHA DE BEBEDOURO (1) / GUAXUMA (1);0041581/0049212/0049005/0012517/0023962/0032214/0037421/0021617/0032528/0010442/0049213/0044849/0043177/0049475/0078829/0047848/0043886/0039329/0042950/0022497;;
141 ;CDD MACEIO;10;HORIZONTE EXPRESS TRANSPORTES LTDA;19/09/2026;Sim;574352;10;20:42:30;Rota;01;Truck;UHJ6F39;;000000000296;Fixa;PC financeira;18:09;Padrao;38,12;09:01:00;16;159,39;37,95 ;4356;34,63 ;100,00;37,95 ;;;;;;Roterizada;;;MACEIO (16);[MAC]: TABULEIRO DO MARTINS (5) / FERNAO VELHO (4) / SANTA AMELIA (4) / PETROPOLIS (3);0020097/0020047/0028006/0044723/0045719/0040466/0030403/0039143/0039854/0021381/0033975/0035928/0044828/0029542/0047901/0076257;;
141 ;CDD MACEIO;10;HORIZONTE EXPRESS TRANSPORTES LTDA;19/09/2026;Sim;574353;10;20:43:01;Rota;01;Truck;QYD5790;;000000000298;Fixa;PC financeira;14:28;Rota Gradativa ;18,61;07:04:00;5;203,71;48,50 ;5875;46,70 ;84,80 ;41,12 ;;;;;;Roterizada;;;MACEIO (5);[MAC]: TABULEIRO DO MARTINS (4) / CLIMA BOM (1);0040412/0076894/0023451/0046907/0049450;;
141 ;CDD MACEIO;10;HORIZONTE EXPRESS TRANSPORTES LTDA;19/09/2026;Sim;574354;10;20:43:32;Rota;01;VUC;QYQ0H78;;000000000043;Fixa;PC financeira;14:16;Padrao;51,17;09:03:00;22;156,55;62,12 ;4455;59,41 ;100,00;62,12 ;;;;;;Roterizada;;;RIO LARGO (22);[RIO]: CONJUNTO JARBAS OITICICA (7) / CENTRO (3) / MATA DO ROLO (3) / LOTEAMENTO VILA RICA (3) / TABULEIRO DO PINTO CRUZEIRO DO SUL (2) / ANTONIO LINS (1) / JARBAS OITICICA (1) / PREF. ANTONIO LINS DE SOUZA (1) / RIO LARGO (1);0047630/0049957/0036805/0038441/0049983/0046305/0042098/0031298/0045937/0037467/0020066/0076623/0049622/0032150/0045853/0045854/0046788/0032138/0048085/0048391/0037770/0047345;;
141 ;CDD MACEIO;10;HORIZONTE EXPRESS TRANSPORTES LTDA;19/09/2026;Sim;574355;10;20:44:04;Rota;01;Truck;QYD5300;;000000000350;Fixa;PC financeira;14:20;Padrao;34,67;08:59:00;24;138,94;33,08 ;3556;28,26 ;100,00;33,08 ;;;;;;Roterizada;;;MACEIO (24);[MAC]: TABULEIRO DO MARTINS (10) / CANAA (7) / TABULEIRO DOS MARTINS (3) / SANTA LUCIA (2) / ANTARES (1) / SERRARIA (1);0042292/0033411/0031648/0037952/0034492/0038564/0011325/0017575/0044075/0026120/0049400/0050493/0034019/0038887/0036563/0034142/0077806/0042954/0077014/0041283/0044352/0049956/0044825/0038819;;
141 ;CDD MACEIO;10;HORIZONTE EXPRESS TRANSPORTES LTDA;19/09/2026;Sim;574356;10;20:44:35;Rota;01;Truck;QYD4490;;000000000201;Fixa;PC financeira;15:23;Padrao;44,45;09:13:00;18;220,38;52,47 ;5875;46,70 ;100,00;52,47 ;;;;;;Roterizada;;;RIO LARGO (18);[RIO]: MATA DO ROLO (5) / LOTEAMENTO VILA RICA (4) / CENTRO (3) / VILA RICA (2) / TABULEIRO DO PINTO CRUZEIRO DO SUL (2) / TABULEIRO DO PINTO (1) / VILA SALOME (1);0044217/0036147/0042091/0050055/0046995/0046018/0045406/0022980/0046338/0047641/0050540/0030062/0025366/0045302/0049571/0078294/0031187/0021965;;
141 ;CDD MACEIO;10;HORIZONTE EXPRESS TRANSPORTES LTDA;19/09/2026;Sim;574357;10;20:45:07;Rota;01;Truck;QYD5420;;000000000224;Fixa;PC financeira;15:40;Padrao;31,05;09:14:00;22;205,00;48,80 ;5546;44,09 ;100,00;48,80 ;;;;;;Roterizada;;;MACEIO (22);[MAC]: CIDADE UNIVERSITARIA (22);0032985/0049731/0030955/0034062/0038002/0036428/0042801/0039492/0043448/0023038/0077290/0048690/0049969/0047439/0076004/0032718/0049001/0035560/0049718/0046330/0035710/0044609;;
141 ;CDD MACEIO;10;HORIZONTE EXPRESS TRANSPORTES LTDA;19/09/2026;Sim;574359;10;20:45:39;Rota;01;VUC;RUY0H66;;000000000356;Fixa;PC financeira;14:47;Padrao;25,21;08:18:00;32;51,79;73,98 ;1443;98,92 ;100,00;98,92 ;;;;;;Roterizada;;;MACEIO (32);[MAC]: BENESITO BENTES II (14) / CIDADE UNIVERSITARIA (11) / CENTRO (2) / VILLAGE CAMPESTRE (2) / ANTARES (1) / TABULEIRO DO MARTINS (1) / BENEDITO BENTES (1);0047696/0050174/0027396/0035721/0011765/0029546/0021336/0035671/0050142/0023520/0039744/0040845/0044330/0025778/0030646/0050416/0049762/0048077/0046805/0045119/0048404/0046237/0044162/0017651/0049709/0047659/0011015/0049896/0044286/0036334/0036197/0046001;;
141 ;CDD MACEIO;10;HORIZONTE EXPRESS TRANSPORTES LTDA;19/09/2026;Sim;574360;10;20:46:09;Rota;01;Truck;QYD6020;;000000000106;Fixa;PC financeira;13:40;Padrao;33,71;09:11:00;17;195,59;46,56 ;5362;42,63 ;100,00;46,56 ;;;;;;Roterizada;;;MACEIO (17);[MAC]: PETROPOLIS (8) / CHA DA JAQUEIRA (6) / PINHEIRO (1) / TABULEIRO DO MARTINS (1) / JARDIM PETROPOLIS (1);0049922/0037155/0042392/0037945/0017113/0033531/0041311/0028101/0041076/0048790/0021989/0036680/0049916/0048180/0030902/0031828/0036385;;
141 ;CDD MACEIO;10;HORIZONTE EXPRESS TRANSPORTES LTDA;19/09/2026;Sim;574361;10;20:46:40;Rota;01;VUC;PDB0903;;000000000272;Fixa;PC financeira;20:04;Padrao;47,78;09:06:00;10;188,08;74,63 ;5466;72,49 ;100,00;74,63 ;;;;;;Roterizada;;;MACEIO (10);[MAC]: LEVADA (3) / PRADO (3) / CENTRO (2) / FAROL (1) / PONTA GROSSA (1);0050351/0042431/0010031/0039509/0035911/0032465/0037608/0028373/0042753/0037780;;
141 ;CDD MACEIO;10;HORIZONTE EXPRESS TRANSPORTES LTDA;19/09/2026;Sim;574362;10;20:47:12;Rota;01;Truck;QYD5580;;000000000042;Fixa;PC financeira;16:18;Padrao;24,39;09:00:00;20;168,87;40,20 ;4609;36,64 ;100,00;40,20 ;;;;;;Roterizada;;;MACEIO (20);[MAC]: CIDADE UNIVERSITARIA (16) / BENESITO BENTES II (3) / BENEDITO BENTES (1);0039240/0042874/0037230/0026695/0041486/0029063/0038757/0038360/0032442/0049615/0037524/0076431/0049958/0047278/0035690/0040935/0030929/0038145/0047339/0043097;;
141 ;CDD MACEIO;10;HORIZONTE EXPRESS TRANSPORTES LTDA;19/09/2026;Sim;574363;10;20:47:44;Rota;01;VUC;PDB4223;;000000000048;Fixa;PC financeira;09:40;Padrao;25,89;08:36:00;28;168,24;66,76 ;4650;61,68 ;100,00;66,76 ;;;;;;Roterizada;;;MACEIO (28);[MAC]: BENESITO BENTES II (16) / JACARECICA (8) / BENEDITO BENTES (3) / CENTRO (1);0043850/0011113/0046047/0050514/0032499/0050256/0048373/0032104/0027058/0041702/0036868/0037015/0044547/0023787/0044546/0048825/0046671/0076364/0049076/0048017/0031693/0076977/0032213/0038182/0046961/0031612/0032375/0046345;;
141 ;CDD MACEIO;10;HORIZONTE EXPRESS TRANSPORTES LTDA;19/09/2026;Sim;574364;10;20:48:15;Rota;01;VUC;PDB3873;;000000000044;Fixa;PC financeira;20:11;Padrao;21,82;09:12:00;27;202,65;80,41 ;5482;72,70 ;100,00;80,41 ;;;;;;Roterizada;;;MACEIO (27);[MAC]: BENESITO BENTES II (19) / ANTARES (7) / TABULEIRO DO MARTINS (1);0016089/0028124/0042342/0031703/0035772/0023653/0036194/0035656/0043012/0037809/0034926/0026163/0019891/0031918/0012436/0030842/0046880/0043516/0045652/0025317/0034155/0029688/0038973/0035781/0035642/0077399/0033538;;
141 ;CDD MACEIO;10;HORIZONTE EXPRESS TRANSPORTES LTDA;19/09/2026;Sim;574365;10;20:48:46;Rota;01;VUC;RUY0H69;;000000000355;Fixa;PC financeira;16:19;Padrao;62,59;08:57:00;26;54,76;78,22 ;1433;98,25 ;100,00;98,25 ;;;;;;Roterizada;;;MACEIO (26);[MAC]: VERGEL DO LAGO (9) / PONTA GROSSA (4) / CHA DA JAQUEIRA (3) / FEITOSA (3) / ANTARES (1) / CRUZ DAS ALMAS (1) / FAROL (1) / GRUTA DE LOURDES (1) / TRAPICHE DA BARRA (1) / SAO JORGE (1) / JOAQUIM LEAO (1);0047955/0034426/0049713/0050061/0078056/0035600/0035674/0027802/0042515/0038362/0026166/0043182/0015145/0028397/0045304/0077746/0048971/0036387/0047708/0045290/0039553/0047557/0040542/0045611/0024215/0016508;;
141 ;CDD MACEIO;10;HORIZONTE EXPRESS TRANSPORTES LTDA;19/09/2026;Sim;574366;10;20:49:17;Rota;01;VUC;RUY0H68;;000000000217;Fixa;PC financeira;14:34;Padrao;37,42;09:18:00;31;53,26;76,08 ;1438;98,60 ;100,00;98,60 ;;;;;;Roterizada;;;MACEIO (31);[MAC]: TABULEIRO DO MARTINS (15) / PETROPOLIS (8) / CLIMA BOM (4) / TABULEIRO DOS MARTINS (2) / FERNAO VELHO (1) / SANTA LUCIA (1);0043104/0042177/0046446/0035521/0021801/0035071/0047660/0046747/0035967/0010877/0048227/0034202/0034194/0049451/0032377/0078847/0032221/0049362/0012115/0047724/0046678/0036768/0078587/0077742/0044078/0032105/0078926/0032154/0014838/0039984/0049774;;
141 ;CDD MACEIO;10;HORIZONTE EXPRESS TRANSPORTES LTDA;19/09/2026;Sim;574367;10;20:49:50;Rota;01;VUC;SHB4B71;;000000000053;Fixa;PC financeira;15:19;Padrao;41,96;08:55:00;32;53,28;76,11 ;1440;97,98 ;100,00;97,98 ;;;;;;Roterizada;;;MACEIO (32);[MAC]: FERNAO VELHO (10) / CLIMA BOM (9) / CIDADE UNIVERSITARIA (5) / SANTA AMELIA (4) / TABULEIRO DO MARTINS (4);0047114/0041968/0045605/0033074/0013231/0032835/0033714/0042669/0032155/0076056/0076761/0076757/0043549/0021025/0048270/0078468/0047616/0048627/0037636/0034730/0023712/0037896/0048063/0043778/0030137/0076792/0048168/0046192/0048171/0032399/0047628/0046780;;
141 ;CDD MACEIO;10;HORIZONTE EXPRESS TRANSPORTES LTDA;20/09/2026;Sim;574368;10;21:34:53;Rota;01;Truck;MUZ4C85;;000000000041;Freteiro;PC financeira;05:10;Padrao;34,29;06:25:00;1;378,10;75,01 ;10228;69,58 ;77,00 ;57,75 ;;;;;;Roterizada;;;MACEIO (1);[MAC]: LEVADA (1);0048418;;
141 ;CDD MACEIO;10;HORIZONTE EXPRESS TRANSPORTES LTDA;21/09/2026;Sim;574373;11;16:09:57;AS;01;Truck;MUZ4C85;;000000000041;Freteiro;PC financeira;13:01;Padrao;32,43;05:05:00;1;160,57;31,85 ;4195;28,54 ;61,00 ;19,42 ;;;;;;Roterizada;;;MACEIO (1);[MAC]: MANGABEIRAS (1);0023205;;
141 ;CDD MACEIO;10;HORIZONTE EXPRESS TRANSPORTES LTDA;21/09/2026;Sim;574374;11;16:10:32;AS;01;Truck;HZB8033;;000000008033;Freteiro;PC financeira;13:02;Padrao;30,73;03:46:00;1;151,70;30,09 ;4189;32,17 ;45,20 ;14,54 ;;;;;;Roterizada;;;MACEIO (1);[MAC]: GRUTA DE LOURDES (1);0045630;;
141 ;CDD MACEIO;10;HORIZONTE EXPRESS TRANSPORTES LTDA;21/09/2026;Sim;574375;11;16:11:06;AS;01;Carreta;RZT0J80;;000000000100;Fixa;PC financeira;14:44;Padrao;31,40;07:12:00;1;261,35;44,44 ;6376;37,33 ;86,40 ;38,39 ;;;;;;Roterizada;;;MACEIO (1);[MAC]: MANGABEIRAS (1);0040217;;
141 ;CDD MACEIO;10;HORIZONTE EXPRESS TRANSPORTES LTDA;21/09/2026;Sim;574376;10;17:30:48;Rota;01;VUC;QYO8B65;;000000000016;Fixa;Saída portaria;08:14;Padrao;51,67;08:50:00;16;235,20;93,33 ;6362;68,26 ;100,00;93,33 ;;;;;;Roterizada;;;RIO LARGO (16);[RIO]: CENTRO (7) / MATA DO ROLO (3) / CONJUNTO MUTIRAO (2) / VILA SAO LOURENCO (1) / LOTEAMENTO VILA RICA (1) / VILA SALOME (1) / TABULEIRO DO PINTO CRUZEIRO DO SUL (1);0047005/0045302/0046874/0078407/0044036/0040303/0047523/0044198/0041472/0038878/0032439/0042627/0035287/0018646/0031234/0026692;;
141 ;CDD MACEIO;10;HORIZONTE EXPRESS TRANSPORTES LTDA;21/09/2026;Sim;574377;10;17:31:19;Rota;01;VUC;UHK4I48;;000000000087;Fixa;PC financeira;15:38;Padrao;77,47;09:04:00;21;95,14;37,75 ;2603;34,52 ;100,00;37,75 ;;;;;;Roterizada;;;PARIPUEIRA (13) / MACEIO (8);[PAR]: CENTRO (12) / AL101NORTE (1) / [MAC]: IPIOCA (7) / PESCARIA (1);0033429/0050298/0047352/0047959/0042230/0031018/0047545/0048946/0038178/0047472/0045737/0050079/0078148/0042120/0048040/0037477/0048589/0039922/0026681/0032467/0045385;;
141 ;CDD MACEIO;10;HORIZONTE EXPRESS TRANSPORTES LTDA;21/09/2026;Sim;574378;10;17:31:50;Rota;01;VUC;PDB0903;;000000000272;Fixa;Saída portaria;10:06;Noturno;71,98;09:22:00;15;74,07;29,39 ;2022;26,82 ;100,00;29,39 ;;;;;;Roterizada;;;MACEIO (14) / RIO LARGO (1);[MAC]: TABULEIRO DO MARTINS (3) / JATIUCA (2) / ANTARES (1) / BENESITO BENTES II (1) / PITANGUINHA (1) / POCO (1) / PRADO (1) / SERRARIA (1) / CIDADE UNIVERSITARIA (1) / SANTA LUCIA (1) / BENEDITO BENTES (1) / [RIO]: ANTONIO LINS DE SOUSA (1);0034699/0078834/0042168/0029108/0015790/0025510/0049506/0042450/0034964/0037016/0034835/0047658/0041787/0037504/0041360;;
141 ;CDD MACEIO;10;HORIZONTE EXPRESS TRANSPORTES LTDA;21/09/2026;Sim;574379;10;17:32:21;Rota;01;VUC;PDB2023;;000000000262;Fixa;PC financeira;14:39;Padrao;40,94;09:05:00;13;91,26;36,21 ;2376;31,51 ;100,00;36,21 ;;;;;;Roterizada;;;MACEIO (13);[MAC]: LEVADA (4) / PONTA GROSSA (4) / PRADO (2) / CENTRO (1) / VERGEL DO LAGO (1) / INOCOP (1);0036637/0038475/0010853/0099950/0039719/0046928/0023949/0032340/0044205/0078695/0040181/0050243/0038432;;
141 ;CDD MACEIO;10;HORIZONTE EXPRESS TRANSPORTES LTDA;21/09/2026;Sim;574380;10;17:32:53;Rota;01;VUC;CYN7662;;000000000171;Freteiro;Saída portaria;07:53;Padrao;35,52;09:19:00;28;124,07;88,62 ;3460;91,06 ;100,00;91,06 ;;;;;;Roterizada;;;MACEIO (26) / RIO LARGO (2);[MAC]: CIDADE UNIVERSITARIA (26) / [RIO]: CENTRO (1) / RIACHO DAS PEDRAS (1);0046510/0043403/0036767/0040208/0049645/0044881/0032125/0036690/0048669/0044815/0039136/0037341/0046936/0077290/0042989/0035560/0033581/0043833/0044117/0040059/0076478/0043421/0047919/0033314/0047213/0050206/0034161/0076558;;
141 ;CDD MACEIO;10;HORIZONTE EXPRESS TRANSPORTES LTDA;21/09/2026;Sim;574381;10;17:33:24;Rota;01;Truck;QYD5420;;000000000350;Fixa;PC financeira;14:43;Padrao;39,18;09:11:00;21;149,19;35,52 ;4085;32,47 ;100,00;35,52 ;;;;;;Roterizada;;;MACEIO (21);[MAC]: OURO PRETO (5) / SANTA LUCIA (5) / ANTARES (4) / CANAA (3) / SERRARIA (3) / CENTRO (1);0031482/0033774/0017886/0029659/0076514/0043737/0039458/0050583/0076503/0036604/0049190/0038971/0043613/0029138/0050209/0049978/0078340/0048470/0037337/0024412/0045745;;
141 ;CDD MACEIO;10;HORIZONTE EXPRESS TRANSPORTES LTDA;21/09/2026;Sim;574382;10;17:33:56;Rota;01;Truck;QYD6020;;000000000106;Fixa;PC financeira;15:33;Padrao;37,01;08:44:00;23;101,86;24,25 ;2782;22,11 ;100,00;24,25 ;;;;;;Extra;;;MACEIO (23);[MAC]: CLIMA BOM (8) / TABULEIRO DO MARTINS (7) / FERNAO VELHO (4) / SANTA AMELIA (2) / CENTRO (1) / TABULEIRO DOS MARTINS (1);0050464/0046398/0045681/0047807/0039364/0050584/0040281/0028980/0011276/0078956/0031197/0044003/0020720/0050500/0039143/0050211/0041479/0049985/0048568/0050593/0011839/0077018/0046898;;
141 ;CDD MACEIO;10;HORIZONTE EXPRESS TRANSPORTES LTDA;21/09/2026;Sim;574383;10;17:34:27;Rota;01;Truck;QYD5580;;000000000298;Fixa;Saída portaria;08:10;Padrao;17,95;09:12:00;18;229,27;54,58 ;6251;49,69 ;100,00;54,58 ;;;;;;Roterizada;;;MACEIO (18);[MAC]: BENESITO BENTES II (13) / CIDADE UNIVERSITARIA (4) / BENEDITO BENTES (1);0044634/0039051/0023934/0030738/0016309/0041219/0034359/0047582/0044338/0031998/0035757/0050414/0050608/0040609/0043297/0048186/0026075/0046245;;
141 ;CDD MACEIO;10;HORIZONTE EXPRESS TRANSPORTES LTDA;21/09/2026;Sim;574384;10;17:34:58;Rota;01;Truck;QYD5300;;000000000362;Fixa;PC financeira;15:19;Padrao;42,94;09:11:00;31;122,59;29,18 ;3323;26,41 ;100,00;29,18 ;;;;;;Roterizada;;;MACEIO (31);[MAC]: BENESITO BENTES II (21) / BENEDITO BENTES (5) / JACARECICA (2) / ANTARES (1) / CENTRO (1) / TABULEIRO DO MARTINS (1);0035781/0039852/0037899/0014852/0038215/0027058/0028298/0050609/0029071/0022543/0048693/0045086/0048309/0036906/0038044/0041914/0041920/0077109/0049426/0044591/0044832/0050576/0045330/0048985/0077534/0049540/0050586/0050575/0050563/0049847/0050572;;
141 ;CDD MACEIO;10;HORIZONTE EXPRESS TRANSPORTES LTDA;21/09/2026;Sim;574386;10;17:35:29;Rota;01;Truck;QYD5670;;000000000047;Fixa;Saída portaria;08:08;Padrao;37,59;09:04:00;24;122,25;29,10 ;3402;27,04 ;100,00;29,10 ;;;;;;Roterizada;;;MACEIO (24);[MAC]: CLIMA BOM (21) / SANTOS DUMONT (1) / FERNAO VELHO (1) / RIO NOVO (1);0047330/0049088/0050197/0046053/0049752/0035552/0041868/0045105/0045462/0039510/0043945/0044225/0076807/0046193/0040916/0043474/0048367/0047133/0048081/0048238/0037068/0047190/0048010/0049046;;
141 ;CDD MACEIO;10;HORIZONTE EXPRESS TRANSPORTES LTDA;21/09/2026;Sim;574387;10;17:36:00;Rota;01;Truck;UHJ6F39;;000000000296;Fixa;PC financeira;16:08;Padrao;33,82;08:44:00;18;107,58;25,61 ;2969;23,60 ;100,00;25,61 ;;;;;;Roterizada;;;MACEIO (18);[MAC]: CHA DA JAQUEIRA (7) / PETROPOLIS (7) / PINHEIRO (2) / FAROL (1) / CHA DE BEBEDOURO (1);0034259/0036134/0049491/0017113/0040417/0042565/0029603/0048701/0031944/0017616/0013138/0049290/0076062/0014773/0042941/0076192/0050217/0035214;;
141 ;CDD MACEIO;10;HORIZONTE EXPRESS TRANSPORTES LTDA;21/09/2026;Sim;574388;10;17:36:32;Rota;01;VUC;PDB2683;;000000000257;Fixa;PC financeira;16:05;Padrao;51,94;08:49:00;20;115,03;45,64 ;3160;41,92 ;100,00;45,64 ;;;;;;Roterizada;;;MACEIO (20);[MAC]: TRAPICHE DA BARRA (7) / FAROL (5) / PONTAL DA BARRA (4) / PRADO (2) / CENTRO (1) / PONTA GROSSA (1);0043734/0032589/0037897/0038277/0036406/0029669/0040498/0050558/0038648/0050164/0040613/0016208/0044389/0039767/0041908/0032080/0050140/0014428/0012191/0031617;;
141 ;CDD MACEIO;10;HORIZONTE EXPRESS TRANSPORTES LTDA;21/09/2026;Sim;574389;10;17:37:03;Rota;01;Truck;QYD4420;;000000000043;Fixa;Entrada cdd fabrica;16:37;Padrao;33,04;08:58:00;23;143,29;34,11 ;3921;31,17 ;100,00;34,11 ;;;;;;Roterizada;;;MACEIO (23);[MAC]: TABULEIRO DO MARTINS (14) / SANTA LUCIA (4) / ANTARES (2) / CIDADE UNIVERSITARIA (2) / TABULEIRO DOS MARTINS (1);0029428/0049511/0047967/0046226/0046248/0029462/0048275/0046358/0076554/0078345/0050196/0048716/0046989/0047353/0048123/0043896/0049498/0045072/0042677/0047513/0028048/0048636/0044933;;
141 ;CDD MACEIO;10;HORIZONTE EXPRESS TRANSPORTES LTDA;21/09/2026;Sim;574390;10;17:37:35;Rota;01;VUC;PDB4223;;000000000132;Fixa;PC financeira;15:36;Padrao;62,21;09:04:00;17;133,52;52,98 ;3594;47,67 ;100,00;52,98 ;;;;;;Roterizada;;;MACEIO (17);[MAC]: RIACHO DOCE (11) / IPIOCA (2) / GUAXUMA (2) / JACARECICA (1) / PESCARIA (1);0046759/0047474/0047454/0033907/0035309/0036822/0043800/0011339/0047392/0075994/0021149/0038583/0030941/0045035/0031889/0045988/0050594;;
141 ;CDD MACEIO;54;Zumpy Mobilidade Urbana Sustentavel Ltda;21/09/2026;Sim;574392;10;17:38:05;Rota;01;VUC;CRW3M01;;000000000241;Fixa;Entrada cdd fabrica;15:41;Padrao;48,12;04:53:00;15;20,83;74,39 ;582;97,11 ;100,00;97,11 ;;;;;;Roterizada;;;MACEIO (15);[MAC]: PONTA VERDE (5) / JATIUCA (4) / MANGABEIRAS (2) / PAJUCARA (2) / CENTRO (1) / POCO (1);0050213/0011621/0041059/0045319/0026738/0033449/0032418/0048333/0048410/0047694/0048305/0046000/0076219/0039729/0025533;574391;
141 ;CDD MACEIO;54;Zumpy Mobilidade Urbana Sustentavel Ltda;21/09/2026;Sim;574393;10;17:38:06;Rota;01;VUC;CRW3M02;;000000000312;Fixa;Entrada cdd fabrica;15:41;Padrao;45,56;06:14:00;17;20,32;72,57 ;558;93,02 ;100,00;93,02 ;;;;;;Extra;;;MACEIO (17);[MAC]: JACINTINHO (6) / FEITOSA (3) / GRUTA DE LOURDES (3) / POCO (3) / CENTRO (1) / PITANGUINHA (1);0040542/0030935/0042621/0038664/0049343/0077741/0050604/0050571/0036548/0038942/0049768/0050591/0045347/0049745/0038097/0049307/0050178;574391;
141 ;CDD MACEIO;54;Zumpy Mobilidade Urbana Sustentavel Ltda;21/09/2026;Sim;574394;10;17:38:06;Rota;01;VUC;CRW3M03;;000000000024;Fixa;Entrada cdd fabrica;12:19;Padrao;38,29;03:31:00;10;20,54;73,35 ;560;93,45 ;100,00;93,45 ;;;;;;Roterizada;;;MACEIO (10);[MAC]: BARRO DURO (3) / SERRARIA (3) / GRUTA DE LOURDES (1) / JACARECICA (1) / JACINTINHO (1) / SAO JORGE (1);0046554/0011432/0044638/0011938/0049012/0042212/0043597/0050402/0044166/0050009;574391;
141 ;CDD MACEIO;54;Zumpy Mobilidade Urbana Sustentavel Ltda;21/09/2026;Sim;574395;10;17:38:06;Rota;01;VUC;CRW3M04;;000000000046;Fixa;Saída portaria;09:39;Padrao;50,51;04:11:00;12;20,93;74,75 ;569;94,98 ;100,00;94,98 ;;;;;;Roterizada;;;MACEIO (12);[MAC]: FAROL (3) / LEVADA (3) / PAJUCARA (2) / CENTRO (1) / JARAGUA (1) / PINHEIRO (1) / PONTA DA TERRA (1);0035397/0044353/0034760/0046284/0044741/0041295/0045203/0043479/0047479/0078234/0049502/0045903;574391;
141 ;CDD MACEIO;54;Zumpy Mobilidade Urbana Sustentavel Ltda;21/09/2026;Sim;574396;10;17:38:06;Rota;01;VUC;CRW3M05;;000000000314;Fixa;Entrada cdd fabrica;15:08;Padrao;51,32;04:52:00;13;20,15;71,96 ;549;91,58 ;100,00;91,58 ;;;;;;Roterizada;;;MACEIO (13);[MAC]: JACINTINHO (5) / CRUZ DAS ALMAS (3) / JATIUCA (3) / MANGABEIRAS (1) / PITANGUINHA (1);0045561/0049545/0046797/0041380/0032195/0040037/0037210/0046059/0050376/0050338/0045403/0028377/0050166;574391;
141 ;CDD MACEIO;10;HORIZONTE EXPRESS TRANSPORTES LTDA;21/09/2026;Sim;574397;10;17:38:37;Rota;01;VUC;PDB1563;;000000000061;Fixa;PC financeira;16:01;Padrao;41,02;09:00:00;13;205,73;81,63 ;5693;75,50 ;100,00;81,63 ;;;;;;Roterizada;;;MACEIO (13);[MAC]: JACINTINHO (10) / FEITOSA (2) / GRUTA DE LOURDES (1);0035915/0037332/0044704/0035686/0050400/0045018/0048735/0044034/0049756/0040473/0034777/0036639/0047137;;
141 ;CDD MACEIO;10;HORIZONTE EXPRESS TRANSPORTES LTDA;21/09/2026;Sim;574398;10;17:39:08;Rota;01;VUC;RUY0H68;;000000000217;Fixa;PC fisica;16:11;Padrao;48,15;08:54:00;29;53,22;76,02 ;1454;99,67 ;100,00;99,67 ;;;;;;Roterizada;;;MACEIO (29);[MAC]: SANTOS DUMONT (8) / CHA DE BEBEDOURO (6) / BEBEDOURO (4) / RIO NOVO (4) / PETROPOLIS (3) / SANTA AMELIA (1) / TABULEIRO DO MARTINS (1) / CIDADE UNIVERSITARIA (1) / TABULEIRO DOS MARTINS (1);0036206/0030896/0044734/0044414/0031131/0038240/0049626/0027265/0026148/0048792/0044973/0045020/0041467/0076138/0050126/0014593/0037831/0038591/0010885/0077793/0012648/0050474/0036721/0076742/0076267/0044866/0021801/0042177/0076959;;
141 ;CDD MACEIO;10;HORIZONTE EXPRESS TRANSPORTES LTDA;21/09/2026;Sim;574399;10;17:39:40;Rota;01;VUC;RUY0H66;;000000000355;Fixa;Saída portaria;08:04;Padrao;55,86;09:01:00;34;52,84;75,48 ;1440;98,75 ;100,00;98,75 ;;;;;;Roterizada;;;MACEIO (34);[MAC]: VERGEL DO LAGO (12) / CENTRO (7) / PONTA GROSSA (5) / BOM PARTO (4) / FAROL (2) / LEVADA (2) / PRADO (2);0047992/0038042/0041758/0076093/0046575/0012441/0046214/0033012/0032465/0038715/0050580/0050592/0050552/0041468/0031130/0034254/0035391/0050231/0077746/0050548/0047135/0039865/0047075/0037436/0078220/0050059/0038168/0025405/0010731/0037919/0027261/0077358/0042129/0047963;;
141 ;CDD MACEIO;10;HORIZONTE EXPRESS TRANSPORTES LTDA;21/09/2026;Sim;574401;10;17:40:11;Rota;01;Truck;QYD4490;;000000000201;Fixa;Saída portaria;08:12;Padrao;30,94;08:54:00;28;117,05;27,86 ;3222;25,61 ;100,00;27,86 ;;;;;;Roterizada;;;MACEIO (27) / RIO LARGO (1);[MAC]: CIDADE UNIVERSITARIA (21) / SANTOS DUMONT (2) / BENESITO BENTES II (1) / CRUZ DAS ALMAS (1) / TABULEIRO DO MARTINS (1) / EUSTAQUIO GOMES (1) / [RIO]: TABULEIRO DO PINTO (1);0078685/0048973/0046584/0047703/0032753/0029048/0045700/0048370/0048300/0048545/0047049/0048128/0039750/0033708/0034275/0050570/0040340/0076407/0047340/0078788/0044522/0046549/0038580/0025287/0033240/0050366/0040394/0018132;;
141 ;CDD MACEIO;10;HORIZONTE EXPRESS TRANSPORTES LTDA;21/09/2026;Sim;574402;10;17:40:42;Rota;01;VUC;PDB3873;;000000000030;Fixa;PC financeira;16:09;Padrao;41,69;08:57:00;10;217,64;86,36 ;6120;81,17 ;100,00;86,36 ;;;;;;Roterizada;;;MACEIO (10);[MAC]: JATIUCA (8) / PONTA VERDE (2);0046852/0039332/0023748/0042984/0029204/0048817/0048864/0043901/0078381/0049129;;
141 ;CDD MACEIO;10;HORIZONTE EXPRESS TRANSPORTES LTDA;21/09/2026;Sim;574403;10;17:41:12;Rota;01;Truck;HZB8033;;000000008033;Freteiro;Saída portaria;13:48;Recarga;35,25;04:02:00;1;130,83;25,95 ;3615;27,76 ;48,40 ;13,43 ;;;;;;Roterizada;;;MACEIO (1);[MAC]: FAROL (1);0038619;;
141 ;CDD MACEIO;10;HORIZONTE EXPRESS TRANSPORTES LTDA;21/09/2026;Sim;574404;10;17:41:44;Rota;01;VUC;PDB3663;;000000000359;Fixa;Saída portaria;08:03;Padrao;43,94;09:16:00;14;189,87;75,34 ;4993;66,22 ;100,00;75,34 ;;;;;;Roterizada;;;MACEIO (14);[MAC]: JATIUCA (4) / POCO (3) / PONTA DA TERRA (3) / PAJUCARA (2) / PONTA VERDE (2);0031416/0050336/0040581/0038533/0029197/0046624/0032641/0043500/0038238/0027276/0049941/0031402/0037978/0027213;;
141 ;CDD MACEIO;10;HORIZONTE EXPRESS TRANSPORTES LTDA;21/09/2026;Sim;574405;10;17:42:15;Rota;01;Toco;PCA8H54;;000000000004;Fixa;PC fisica;14:47;Padrao;62,92;08:57:00;23;123,09;32,56 ;3344;26,58 ;100,00;32,56 ;;;;;;Roterizada;;;RIO LARGO (19) / MACEIO (4);[RIO]: TABULEIRO DO PINTO (5) / CENTRO (4) / MATA DO ROLO (3) / LOURENCO (1) / PREF ANTONIO L SOUZA (1) / PARQUE SANTA TEREZA (1) / CONJUNTO JARBAS OITICICA (1) / VILA SAO LOURENCO (1) / CONJUNTO BANDEIRANTE (1) / CONJUNTO HELIO VASCONCELOS (1) / [MAC]: SANTOS DUMONT (4);0033891/0045629/0036814/0041835/0049749/0077642/0078070/0042134/0025817/0030519/0042862/0076770/0043631/0047533/0044596/0024261/0041552/0044856/0036848/0043521/0042098/0034280/0050264;;
141 ;CDD MACEIO;10;HORIZONTE EXPRESS TRANSPORTES LTDA;21/09/2026;Sim;574406;10;17:42:46;Rota;01;VUC;PDB2783;;000000000042;Fixa;Saída portaria;08:00;Padrao;54,39;09:15:00;16;171,78;68,16 ;4485;59,49 ;100,00;68,16 ;;;;;;Roterizada;;;MACEIO (16);[MAC]: CRUZ DAS ALMAS (7) / JACARECICA (3) / JATIUCA (3) / MANGABEIRAS (1) / PONTA VERDE (1) / GUAXUMA (1);0048755/0049907/0030762/0039341/0021298/0028633/0040520/0029807/0078568/0042766/0078611/0041849/0043693/0048408/0048614/0011665;;
141 ;CDD MACEIO;10;HORIZONTE EXPRESS TRANSPORTES LTDA;21/09/2026;Sim;574407;10;17:43:18;Rota;01;VUC;RUY0H69;;000000000356;Fixa;Saída portaria;08:04;Padrao;35,55;09:22:00;35;53,34;76,20 ;1366;93,67 ;100,00;93,67 ;;;;;;Roterizada;;;MACEIO (35);[MAC]: CIDADE UNIVERSITARIA (12) / SANTA LUCIA (9) / TABULEIRO DO MARTINS (7) / BENESITO BENTES II (4) / ANTARES (1) / CENTRO (1) / VILLAGE CAMPESTRE (1);0046615/0046565/0049762/0030646/0050467/0044081/0050564/0046528/0026388/0042983/0039769/0050550/0043909/0050327/0028422/0045476/0077164/0037070/0046379/0049226/0030983/0045510/0049159/0030694/0076632/0048110/0047408/0046674/0050582/0050412/0046012/0046237/0034620/0042458/0011015;;
141 ;CDD MACEIO;10;HORIZONTE EXPRESS TRANSPORTES LTDA;21/09/2026;Sim;574408;10;17:43:49;Rota;01;Truck;MUZ4C85;;000000000041;Freteiro;Saída portaria;13:49;Recarga;36,81;06:43:00;1;157,78;31,30 ;4488;30,53 ;80,60 ;25,22 ;;;;;;Roterizada;;;MACEIO (1);[MAC]: PONTA VERDE (1);0035865;;
141 ;CDD MACEIO;10;HORIZONTE EXPRESS TRANSPORTES LTDA;21/09/2026;Sim;574409;10;17:44:20;Rota;01;VUC;PDB3I13;;000000000017;Fixa;Saída portaria;08:12;Padrao;37,74;09:02:00;12;218,40;86,66 ;6167;81,80 ;100,00;86,66 ;;;;;;Roterizada;;;MACEIO (12);[MAC]: LEVADA (7) / FAROL (2) / PINHEIRO (2) / BOM PARTO (1);0049684/0076418/0046498/0049188/0036725/0077711/0031396/0037780/0029409/0027016/0031430/0011104;;
141 ;CDD MACEIO;10;HORIZONTE EXPRESS TRANSPORTES LTDA;21/09/2026;Sim;574410;10;17:44:51;Rota;01;VUC;SHB4B71;;000000000224;Fixa;Saída portaria;08:06;Padrao;51,96;09:06:00;31;51,84;74,05 ;1427;97,08 ;100,00;97,08 ;;;;;;Roterizada;;;MACEIO (31);[MAC]: POCO (10) / JACINTINHO (7) / FEITOSA (6) / BARRO DURO (3) / PONTA DA TERRA (2) / JATIUCA (1) / PAJUCARA (1) / PONTA VERDE (1);0031339/0046334/0049427/0045152/0045908/0045453/0050119/0044012/0049081/0037774/0042951/0050371/0049503/0038445/0030768/0032766/0049951/0037526/0040169/0050455/0033761/0046074/0037216/0076555/0034922/0075996/0046578/0042351/0049122/0077045/0012453;;
141 ;CDD MACEIO;10;HORIZONTE EXPRESS TRANSPORTES LTDA;21/09/2026;Sim;574411;10;17:45:22;Rota;01;VUC;OHF9C94;;000000000045;Freteiro;Saída portaria;07:54;Padrao;47,85;07:09:00;17;55,38;79,11 ;1493;97,64 ;100,00;97,64 ;;;;;;Roterizada;;;MACEIO (17);[MAC]: JATIUCA (5) / FEITOSA (4) / CRUZ DAS ALMAS (3) / BARRO DURO (1) / FAROL (1) / GRUTA DE LOURDES (1) / JACINTINHO (1) / MANGABEIRAS (1);0041595/0048930/0077912/0035015/0048560/0031472/0031586/0045881/0046136/0041541/0050310/0035026/0039085/0046187/0032654/0037683/0048327;;
141 ;CDD MACEIO;10;HORIZONTE EXPRESS TRANSPORTES LTDA;21/09/2026;Sim;574412;10;17:45:54;Rota;01;VUC;QYO8A15;;000000000363;Fixa;Saída portaria;07:58;Padrao;45,08;08:51:00;16;174,17;69,11 ;4419;58,60 ;100,00;69,11 ;;;;;;Roterizada;;;MACEIO (16);[MAC]: PAJUCARA (8) / POCO (8);0038705/0047370/0040063/0037801/0031604/0012395/0020166/0028853/0025827/0047146/0020051/0035110/0031785/0031084/0048492/0078569;;
141 ;CDD MACEIO;10;HORIZONTE EXPRESS TRANSPORTES LTDA;21/09/2026;Sim;574413;10;17:46:25;Rota;01;VUC;QYQ0H78;;000000000358;Fixa;Saída portaria;07:59;Padrao;47,11;08:51:00;16;167,59;66,50 ;4550;60,67 ;100,00;66,50 ;;;;;;Roterizada;;;MACEIO (16);[MAC]: GRUTA DE LOURDES (5) / JACINTINHO (3) / MANGABEIRAS (3) / FAROL (2) / PONTA VERDE (2) / POCO (1);0043501/0039308/0044464/0049199/0076209/0030613/0037917/0030769/0076224/0030744/0011632/0050089/0010263/0047003/0010227/0040508;;
